feature	param0_importance	param1_importance	Category15	Category6
14-3-3	0	0	gene_group	pathway
5-3-XDNASE	0	0	gene_group	pathway
A-TUB	0	0.00361940218414919	gene_group	pathway
A22P	0	0	gene_group	pathway
AALIG	0	0	gene_group	pathway
AANAT	0	0	gene_group	pathway
AAT-U	0	0	gene_group	pathway
ABCF	0	0	gene_group	pathway
ABCG	0	0	gene_group	pathway
ABCH	0	0	gene_group	pathway
AC	0	0	gene_group	pathway
ACBP	0	0	gene_group	pathway
ACT	0	0	gene_group	pathway
Ala_percent	0.0305776641221617	0.00248342797769267	aa_composition	aa_composition
ALDLYA	0	0	gene_group	pathway
Amphipathic_percent	0.021194284161851	0.00731553607223709	aa_composition	aa_composition
AP1	0	0	gene_group	pathway
AP2	0	0	gene_group	pathway
AP3	0	0	gene_group	pathway
APC	0	0	gene_group	pathway
ARF	0	0	gene_group	pathway
ARP	0	0	gene_group	pathway
ARPC3A	0	0	gene_group	pathway
ARPC3B	0	0	gene_group	pathway
ASLC	0	0	gene_group	pathway
Asn_percent	0.00771765254971042	0.0105252504763509	aa_composition	aa_composition
Asp_percent	0.00267744960270834	0.0145916741999722	aa_composition	aa_composition
B-TUB	0	0	gene_group	pathway
BAP	0	0	gene_group	pathway
BARA	0	0	gene_group	pathway
BCM_1_A17d_(FBlc0000072)	0	0.00135482824619741	expression	Gene_expression
BCM_1_E14-16hr_(FBlc0000062)	0.00340426547169613	0.00082642708321724	expression	Gene_expression
BCM_1_E2-16hr_(FBlc0000063)	0.00063837358611405	0.00618176150971423	expression	Gene_expression
BCM_1_E2-16hr100_(FBlc0000064)	0.00413668949670023	0.00072934051024977	expression	Gene_expression
BCM_1_E2-4hr_(FBlc0000061)	0.00088218071819973	0.00129428165158217	expression	Gene_expression
BCM_1_FA3d_(FBlc0000068)	0.00192372232224738	0	expression	Gene_expression
BCM_1_L_(FBlc0000071)	0	0	expression	Gene_expression
BCM_1_L3i_(FBlc0000065)	0	0	expression	Gene_expression
BCM_1_L3i100_(FBlc0000066)	0	0.00433281054199955	expression	Gene_expression
BCM_1_MA3d_(FBlc0000069)	0.00036022126574302	0	expression	Gene_expression
BCM_1_P_(FBlc0000070)	0.00048431348555031	0.0067613564460849	expression	Gene_expression
BCM_1_P3d_(FBlc0000067)	0.0189385329652586	0.00095601887089565	expression	Gene_expression
BEST	0	0	gene_group	pathway
Betweenness_Centrality	0.00612447171108941	0.00223273175634928	ppi	interactions
Betweenness_Centrality_2	0	0.00042673040318961	rpi	interactions
Betweenness_Centrality_Deciles	0.00042916212809139	0	ppi	interactions
Betweenness_Centrality_Percentiles	0	0	ppi	interactions
Betweenness_Centrality_Percentiles_2	0	0	rpi	interactions
Betweenness_Centrality_Quartiles	0	0	ppi	interactions
BMP-N	0	0	signaling_pathway	pathway
CACN-AC	0	0	gene_group	pathway
CAK-XPD	0	0	gene_group	pathway
CBD	0	0.00047693227804428	gene_group	pathway
CCT	0	0	gene_group	pathway
CDK	0	0	gene_group	pathway
CDS_GC_content	0.10895173489125	0.0344887317230453	gene_structure	gene_structure
CDS_length	0.014533440370048	0.0775470618703189	gene_structure	gene_structure
Charged_percent	0.00063457010184924	0.00997232456750715	aa_composition	aa_composition
CKI	0	0	gene_group	pathway
CLECT	0	0	gene_group	pathway
Closeness_Centrality	0.00795674995495731	0.00479256779195922	ppi	interactions
Closeness_Centrality_2	0	0.00130032170127793	rpi	interactions
Closeness_Centrality_Deciles	0	0	ppi	interactions
Closeness_Centrality_Deciles_2	0	0	rpi	interactions
Closeness_Centrality_Percentiles	0	0.00157172598288027	ppi	interactions
Closeness_Centrality_Percentiles_2	0	0	rpi	interactions
Closeness_Centrality_Quartiles	0	0	ppi	interactions
Closeness_Centrality_Quartiles_2	0	0	rpi	interactions
Clustering_Coefficient	0.00041134304181231	0.00178152783003758	ppi	interactions
Clustering_Coefficient_Deciles	0	0	ppi	interactions
Clustering_Coefficient_Percentiles	0	0	ppi	interactions
Clustering_Coefficient_Quartiles	0	0	ppi	interactions
CMG	0	0	gene_group	pathway
COHSN	0	0	gene_group	pathway
COMP	0	0	gene_group	pathway
COP9	0	0	gene_group	pathway
COP9-T	0	0	gene_group	pathway
Cys_percent	0.00536913557373393	0.012237888644195	aa_composition	aa_composition
DBDTF-U	0.00271044837851584	0	gene_group	pathway
Degree_Centrality	0.012491063866228	0.00178704533920619	ppi	interactions
Degree_Centrality_2	0	0.00041724878519529	rpi	interactions
Degree_Centrality_Deciles	0	0	ppi	interactions
Degree_Centrality_Percentiles	0	0	ppi	interactions
Degree_Centrality_Percentiles_2	0	0	rpi	interactions
Degree_Centrality_Quartiles	0	0	ppi	interactions
DESAT	0	0	gene_group	pathway
DLGTP	0	0	gene_group	pathway
DNAPOLZ	0	0	gene_group	pathway
DOPR	0	0	gene_group	pathway
DRS	0	0	gene_group	pathway
DSCAM	0	0	gene_group	pathway
DSIF	0	0	gene_group	pathway
DSP	0	0	gene_group	pathway
DYN-IAD	0	0	gene_group	pathway
DYN-LC	0	0.0011821227654957	gene_group	pathway
DYNOA-IC	0	0	gene_group	pathway
E2	0	0	gene_group	pathway
E3-HECT	0	0	gene_group	pathway
E3-RBR	0	0	gene_group	pathway
E3-TRIM	0	0	gene_group	pathway
E3-UBOX	0	0	gene_group	pathway
ECKL	0.00053143329994368	0.00250257648973702	gene_group	pathway
EDNASE-U	0	0	gene_group	pathway
EGFR-C	0	0	signaling_pathway	pathway
EGFR-N	0	0	signaling_pathway	pathway
Eigenvector_Centrality	0.0101241852314374	0.00127506677280563	ppi	interactions
Eigenvector_Centrality_2	0	0.00212493412817279	rpi	interactions
Eigenvector_Centrality_Deciles	0	0	ppi	interactions
Eigenvector_Centrality_Deciles_2	0	0	rpi	interactions
Eigenvector_Centrality_Percentiles	0	0	ppi	interactions
Eigenvector_Centrality_Percentiles_2	0	0	rpi	interactions
Eigenvector_Centrality_Quartiles	0	0	ppi	interactions
ELO	0	0	gene_group	pathway
epidermal_cell_mean_exp	0	0.00326526354179939	mean_percelltype	Gene_expression
epithelial_cell_mean_exp	0.00266061724412887	0.0015297623303939	mean_percelltype	Gene_expression
ESCRT-III	0	0	gene_group	pathway
ETF	0	0	gene_group	pathway
exon_count	0.0256623969903851	0.00449099253854596	gene_structure	gene_structure
fat_cell_mean_exp	0.00045656732908022	0	mean_percelltype	Gene_expression
female_germline_cell_mean_exp	0.00177313366088166	0	mean_percelltype	Gene_expression
FGF	0	0	gene_group	pathway
FH	0	0	gene_group	pathway
fiveUTR_GC_content	0.00215001628752271	0.0112963166318901	gene_structure	gene_structure
fiveUTR_length	0.0253434619972419	0.022098797835279	gene_structure	gene_structure
FLO	0	0	gene_group	pathway
G-SUB-A	0	0	gene_group	pathway
G-SUB-B	0	0	gene_group	pathway
G-TUB	0	0	gene_group	pathway
G-TUSC	0	0	gene_group	pathway
GABA-CL	0	0	gene_group	pathway
GAHSB	0	0	metabolic_pathway	pathway
GAPDH	0	0	gene_group	pathway
GAT1	0	0	gene_group	pathway
GAT2	0	0	gene_group	pathway
GBP	0	0	gene_group	pathway
GCK	0	0	gene_group	pathway
GDPFUC	0	0	metabolic_pathway	pathway
glial_cell_mean_exp	0	0.00057682803985589	mean_percelltype	Gene_expression
Gln_percent	0.0165441637334839	0.00204046261513898	aa_composition	aa_composition
GLPSH	0	0	metabolic_pathway	pathway
Glu_percent	0.00443321715432862	0.0084444118951662	aa_composition	aa_composition
GLUCO	0	0	metabolic_pathway	pathway
GLUE	0	0	gene_group	pathway
GLURII	0	0	gene_group	pathway
Gly_percent	0.00012546951448467	0.00311351957251014	aa_composition	aa_composition
GLYCO	0	0	metabolic_pathway	pathway
GMCOR	0	0	gene_group	pathway
GO:0000028	0	0	GO_terms	pathway
GO:0000045	0	0	GO_terms	pathway
GO:0000062	0	0	GO_terms	pathway
GO:0000082	0	0	GO_terms	pathway
GO:0000122	0.00225376390848182	0	GO_terms	pathway
GO:0000123	0	0	GO_terms	pathway
GO:0000124	0	0	GO_terms	pathway
GO:0000146	0	0	GO_terms	pathway
GO:0000149	0	0	GO_terms	pathway
GO:0000151	0	0	GO_terms	pathway
GO:0000164	0	0	GO_terms	pathway
GO:0000165	0	0	GO_terms	pathway
GO:0000184	0	0	GO_terms	pathway
GO:0000209	0	0	GO_terms	pathway
GO:0000220	0	0	GO_terms	pathway
GO:0000221	0	0	GO_terms	pathway
GO:0000226	0	0	GO_terms	pathway
GO:0000228	0	0	GO_terms	pathway
GO:0000243	0	0	GO_terms	pathway
GO:0000244	0	0	GO_terms	pathway
GO:0000245	0	0	GO_terms	pathway
GO:0000278	0	0	GO_terms	pathway
GO:0000281	0	0	GO_terms	pathway
GO:0000287	0	0	GO_terms	pathway
GO:0000307	0	0	GO_terms	pathway
GO:0000338	0	0	GO_terms	pathway
GO:0000379	0	0	GO_terms	pathway
GO:0000380	0	0	GO_terms	pathway
GO:0000381	0	0	GO_terms	pathway
GO:0000387	0	0	GO_terms	pathway
GO:0000398	0	0	GO_terms	pathway
GO:0000421	0	0	GO_terms	pathway
GO:0000423	0	0	GO_terms	pathway
GO:0000439	0	0	GO_terms	pathway
GO:0000493	0	0	GO_terms	pathway
GO:0000502	0	0	GO_terms	pathway
GO:0000724	0	0	GO_terms	pathway
GO:0000727	0	0.00173312060806769	GO_terms	pathway
GO:0000779	0	0	GO_terms	pathway
GO:0000785	0	0	GO_terms	pathway
GO:0000786	0	0	GO_terms	pathway
GO:0000791	0	0	GO_terms	pathway
GO:0000795	0	0	GO_terms	pathway
GO:0000812	0	0	GO_terms	pathway
GO:0000815	0	0	GO_terms	pathway
GO:0000822	0	0	GO_terms	pathway
GO:0000900	0	0.001197051003584	GO_terms	pathway
GO:0000902	0	0	GO_terms	pathway
GO:0000974	0	0	GO_terms	pathway
GO:0000993	0	0	GO_terms	pathway
GO:0001099	0	0	GO_terms	pathway
GO:0001111	0	0	GO_terms	pathway
GO:0001113	0	0	GO_terms	pathway
GO:0001178	0	0	GO_terms	pathway
GO:0001222	0	0	GO_terms	pathway
GO:0001223	0	0	GO_terms	pathway
GO:0001508	0	0	GO_terms	pathway
GO:0001558	0	0	GO_terms	pathway
GO:0001653	0	0	GO_terms	pathway
GO:0001654	0	0	GO_terms	pathway
GO:0001664	0	0	GO_terms	pathway
GO:0001666	0	0	GO_terms	pathway
GO:0001700	0	0	GO_terms	pathway
GO:0001726	0	0	GO_terms	pathway
GO:0001731	0	0	GO_terms	pathway
GO:0001736	0	0	GO_terms	pathway
GO:0001737	0	0	GO_terms	pathway
GO:0001738	0	0	GO_terms	pathway
GO:0001742	0	0	GO_terms	pathway
GO:0001745	0	0	GO_terms	pathway
GO:0001746	0	0	GO_terms	pathway
GO:0001748	0	0	GO_terms	pathway
GO:0001751	0	0	GO_terms	pathway
GO:0001752	0	0	GO_terms	pathway
GO:0001754	0	0	GO_terms	pathway
GO:0001764	0	0	GO_terms	pathway
GO:0001784	0	0	GO_terms	pathway
GO:0001883	0	0	GO_terms	pathway
GO:0001933	0	0	GO_terms	pathway
GO:0002009	0	0	GO_terms	pathway
GO:0002027	0	0	GO_terms	pathway
GO:0002031	0	0	GO_terms	pathway
GO:0002052	0	0	GO_terms	pathway
GO:0002118	0	0	GO_terms	pathway
GO:0002143	0	0	GO_terms	pathway
GO:0002164	0	0	GO_terms	pathway
GO:0002181	0	0	GO_terms	pathway
GO:0002183	0	0	GO_terms	pathway
GO:0002188	0	0	GO_terms	pathway
GO:0002376	0	0	GO_terms	pathway
GO:0002385	0	0	GO_terms	pathway
GO:0003007	0	0	GO_terms	pathway
GO:0003015	0	0	GO_terms	pathway
GO:0003151	0	0	GO_terms	pathway
GO:0003333	0	0	GO_terms	pathway
GO:0003341	0	0	GO_terms	pathway
GO:0003380	0	0	GO_terms	pathway
GO:0003383	0	0	GO_terms	pathway
GO:0003674	0	0.00279514536820911	GO_terms	pathway
GO:0003677	0	0	GO_terms	pathway
GO:0003682	0	0	GO_terms	pathway
GO:0003684	0	0	GO_terms	pathway
GO:0003712	0	0	GO_terms	pathway
GO:0003713	0	0	GO_terms	pathway
GO:0003723	0	0	GO_terms	pathway
GO:0003729	0	0	GO_terms	pathway
GO:0003730	0	0	GO_terms	pathway
GO:0003735	0	0	GO_terms	pathway
GO:0003743	0	0	GO_terms	pathway
GO:0003746	0	0	GO_terms	pathway
GO:0003774	0	0	GO_terms	pathway
GO:0003777	0	0	GO_terms	pathway
GO:0003779	0	0	GO_terms	pathway
GO:0003899	0	0	GO_terms	pathway
GO:0003906	0	0	GO_terms	pathway
GO:0003924	0	0	GO_terms	pathway
GO:0004013	0	0	GO_terms	pathway
GO:0004016	0	0	GO_terms	pathway
GO:0004059	0	0	GO_terms	pathway
GO:0004252	0	0	GO_terms	pathway
GO:0004332	0	0	GO_terms	pathway
GO:0004333	0	0	GO_terms	pathway
GO:0004345	0	0	GO_terms	pathway
GO:0004352	0	0	GO_terms	pathway
GO:0004365	0	0	GO_terms	pathway
GO:0004383	0	0	GO_terms	pathway
GO:0004435	0	0	GO_terms	pathway
GO:0004470	0	0	GO_terms	pathway
GO:0004473	0	0	GO_terms	pathway
GO:0004520	0	0	GO_terms	pathway
GO:0004622	0	0	GO_terms	pathway
GO:0004656	0	0.00662788224313998	GO_terms	pathway
GO:0004672	0	0.00116105240361489	GO_terms	pathway
GO:0004674	0	0	GO_terms	pathway
GO:0004691	0	0	GO_terms	pathway
GO:0004693	0	0	GO_terms	pathway
GO:0004697	0	0	GO_terms	pathway
GO:0004708	0	0	GO_terms	pathway
GO:0004713	0.00037120251881364	0	GO_terms	pathway
GO:0004721	0	0	GO_terms	pathway
GO:0004722	0	0	GO_terms	pathway
GO:0004725	0	0	GO_terms	pathway
GO:0004739	0	0	GO_terms	pathway
GO:0004768	0	0	GO_terms	pathway
GO:0004775	0	0	GO_terms	pathway
GO:0004776	0	0	GO_terms	pathway
GO:0004805	0	0	GO_terms	pathway
GO:0004822	0	0	GO_terms	pathway
GO:0004842	0.00349389403670086	0	GO_terms	pathway
GO:0004843	0	0	GO_terms	pathway
GO:0004862	0	0	GO_terms	pathway
GO:0004867	0	0	GO_terms	pathway
GO:0004888	0	0.00209388191380318	GO_terms	pathway
GO:0004890	0	0	GO_terms	pathway
GO:0004930	0	0	GO_terms	pathway
GO:0004970	0	0	GO_terms	pathway
GO:0005049	0	0	GO_terms	pathway
GO:0005085	0	0	GO_terms	pathway
GO:0005092	0	0	GO_terms	pathway
GO:0005096	0	0	GO_terms	pathway
GO:0005112	0	0	GO_terms	pathway
GO:0005158	0	0	GO_terms	pathway
GO:0005198	0	0	GO_terms	pathway
GO:0005200	0	0.00218700203535442	GO_terms	pathway
GO:0005229	0	0	GO_terms	pathway
GO:0005230	0	0	GO_terms	pathway
GO:0005231	0	0	GO_terms	pathway
GO:0005243	0	0	GO_terms	pathway
GO:0005245	0	0	GO_terms	pathway
GO:0005246	0	0	GO_terms	pathway
GO:0005249	0	0	GO_terms	pathway
GO:0005254	0	0.00113364869970505	GO_terms	pathway
GO:0005261	0	0	GO_terms	pathway
GO:0005262	0	0	GO_terms	pathway
GO:0005267	0	0	GO_terms	pathway
GO:0005283	0	0	GO_terms	pathway
GO:0005313	0	0	GO_terms	pathway
GO:0005315	0	0	GO_terms	pathway
GO:0005381	0	0	GO_terms	pathway
GO:0005456	0	0	GO_terms	pathway
GO:0005484	0	0	GO_terms	pathway
GO:0005509	0	0.00171291841594774	GO_terms	pathway
GO:0005515	0	0	GO_terms	pathway
GO:0005516	0	0	GO_terms	pathway
GO:0005524	0.00413172660438872	0.00214167343442044	GO_terms	pathway
GO:0005525	0	0.00082744456741247	GO_terms	pathway
GO:0005528	0	0	GO_terms	pathway
GO:0005534	0	0	GO_terms	pathway
GO:0005536	0	0	GO_terms	pathway
GO:0005544	0	0	GO_terms	pathway
GO:0005546	0	0	GO_terms	pathway
GO:0005549	0	0	GO_terms	pathway
GO:0005575	0	0	GO_terms	pathway
GO:0005576	0	0	GO_terms	pathway
GO:0005615	0.00068615347395528	0	GO_terms	pathway
GO:0005634	0.00306330577377632	0.00075397982021715	GO_terms	pathway
GO:0005635	0.0009090756344074	0	GO_terms	pathway
GO:0005652	0	0	GO_terms	pathway
GO:0005654	0	0	GO_terms	pathway
GO:0005665	0	0	GO_terms	pathway
GO:0005666	0	0	GO_terms	pathway
GO:0005667	0	0	GO_terms	pathway
GO:0005673	0	0	GO_terms	pathway
GO:0005675	0	0	GO_terms	pathway
GO:0005680	0	0.00049741115867299	GO_terms	pathway
GO:0005681	0	0	GO_terms	pathway
GO:0005682	0	0	GO_terms	pathway
GO:0005685	0	0	GO_terms	pathway
GO:0005686	0	0	GO_terms	pathway
GO:0005687	0	0	GO_terms	pathway
GO:0005688	0	0	GO_terms	pathway
GO:0005700	0.0001539765672136	0	GO_terms	pathway
GO:0005703	0	0	GO_terms	pathway
GO:0005705	0	0	GO_terms	pathway
GO:0005736	0	0	GO_terms	pathway
GO:0005737	0.00012914147371847	0	GO_terms	pathway
GO:0005739	0	0	GO_terms	pathway
GO:0005740	0	0	GO_terms	pathway
GO:0005741	0	0	GO_terms	pathway
GO:0005743	0	0	GO_terms	pathway
GO:0005759	0	0	GO_terms	pathway
GO:0005764	0	0	GO_terms	pathway
GO:0005765	0	0	GO_terms	pathway
GO:0005768	0	0	GO_terms	pathway
GO:0005769	0.00263247543554546	0	GO_terms	pathway
GO:0005770	0	0	GO_terms	pathway
GO:0005774	0	0	GO_terms	pathway
GO:0005776	0	0	GO_terms	pathway
GO:0005777	0	0	GO_terms	pathway
GO:0005783	0.00137765026549695	0	GO_terms	pathway
GO:0005784	0	0	GO_terms	pathway
GO:0005786	0	0	GO_terms	pathway
GO:0005793	0	0	GO_terms	pathway
GO:0005794	0	0	GO_terms	pathway
GO:0005802	0	0	GO_terms	pathway
GO:0005813	0	0	GO_terms	pathway
GO:0005829	0	0	GO_terms	pathway
GO:0005832	0	0	GO_terms	pathway
GO:0005834	0	0	GO_terms	pathway
GO:0005838	0	0	GO_terms	pathway
GO:0005840	0	0	GO_terms	pathway
GO:0005847	0	0	GO_terms	pathway
GO:0005852	0	0	GO_terms	pathway
GO:0005853	0	0	GO_terms	pathway
GO:0005856	0	0	GO_terms	pathway
GO:0005865	0	0	GO_terms	pathway
GO:0005868	0	0	GO_terms	pathway
GO:0005869	0	0	GO_terms	pathway
GO:0005871	0	0	GO_terms	pathway
GO:0005874	0	0	GO_terms	pathway
GO:0005885	0	0	GO_terms	pathway
GO:0005886	0	0	GO_terms	pathway
GO:0005891	0	0	GO_terms	pathway
GO:0005892	0	0	GO_terms	pathway
GO:0005902	0	0	GO_terms	pathway
GO:0005911	0	0	GO_terms	pathway
GO:0005912	0	0	GO_terms	pathway
GO:0005918	0	0	GO_terms	pathway
GO:0005920	0	0	GO_terms	pathway
GO:0005921	0	0	GO_terms	pathway
GO:0005929	0	0	GO_terms	pathway
GO:0005938	0	0	GO_terms	pathway
GO:0005952	0	0.0006480334784797	GO_terms	pathway
GO:0005955	0	0	GO_terms	pathway
GO:0005956	0	0	GO_terms	pathway
GO:0005977	0	0	GO_terms	pathway
GO:0005979	0	0	GO_terms	pathway
GO:0005981	0	0	GO_terms	pathway
GO:0005992	0	0	GO_terms	pathway
GO:0006001	0	0	GO_terms	pathway
GO:0006002	0	0	GO_terms	pathway
GO:0006006	0	0	GO_terms	pathway
GO:0006015	0	0	GO_terms	pathway
GO:0006047	0	0	GO_terms	pathway
GO:0006048	0	0	GO_terms	pathway
GO:0006067	0	0	GO_terms	pathway
GO:0006086	0	0	GO_terms	pathway
GO:0006090	0	0	GO_terms	pathway
GO:0006094	0	0	GO_terms	pathway
GO:0006096	0	0	GO_terms	pathway
GO:0006099	0	0	GO_terms	pathway
GO:0006102	0	0	GO_terms	pathway
GO:0006103	0	0	GO_terms	pathway
GO:0006106	0	0	GO_terms	pathway
GO:0006107	0	0	GO_terms	pathway
GO:0006108	0	0	GO_terms	pathway
GO:0006116	0	0	GO_terms	pathway
GO:0006119	0	0	GO_terms	pathway
GO:0006120	0	0	GO_terms	pathway
GO:0006164	0	0	GO_terms	pathway
GO:0006182	0	0	GO_terms	pathway
GO:0006301	0	0	GO_terms	pathway
GO:0006302	0	0	GO_terms	pathway
GO:0006303	0	0	GO_terms	pathway
GO:0006307	0	0	GO_terms	pathway
GO:0006308	0	0	GO_terms	pathway
GO:0006325	0	0	GO_terms	pathway
GO:0006334	0	0	GO_terms	pathway
GO:0006338	0	0	GO_terms	pathway
GO:0006351	0.00080349767318957	0.00713828768287137	GO_terms	pathway
GO:0006352	0	0	GO_terms	pathway
GO:0006355	0	0.00043684440635199	GO_terms	pathway
GO:0006357	0	0	GO_terms	pathway
GO:0006366	0	0	GO_terms	pathway
GO:0006367	0	0	GO_terms	pathway
GO:0006368	0.00214475884016335	0	GO_terms	pathway
GO:0006412	0	0	GO_terms	pathway
GO:0006413	0	0	GO_terms	pathway
GO:0006414	0	0	GO_terms	pathway
GO:0006417	0	0	GO_terms	pathway
GO:0006428	0	0	GO_terms	pathway
GO:0006446	0	0	GO_terms	pathway
GO:0006457	0	0	GO_terms	pathway
GO:0006465	0	0	GO_terms	pathway
GO:0006468	0	0	GO_terms	pathway
GO:0006487	0	0	GO_terms	pathway
GO:0006508	0	0	GO_terms	pathway
GO:0006511	0	0	GO_terms	pathway
GO:0006520	0	0	GO_terms	pathway
GO:0006537	0	0	GO_terms	pathway
GO:0006538	0	0	GO_terms	pathway
GO:0006607	0	0	GO_terms	pathway
GO:0006614	0	0	GO_terms	pathway
GO:0006616	0	0	GO_terms	pathway
GO:0006627	0	0	GO_terms	pathway
GO:0006629	0	0	GO_terms	pathway
GO:0006631	0	0	GO_terms	pathway
GO:0006635	0	0	GO_terms	pathway
GO:0006636	0	0	GO_terms	pathway
GO:0006641	0	0	GO_terms	pathway
GO:0006723	0	0	GO_terms	pathway
GO:0006730	0	0	GO_terms	pathway
GO:0006734	0	0	GO_terms	pathway
GO:0006811	0	0.00166585828637307	GO_terms	pathway
GO:0006812	0	0	GO_terms	pathway
GO:0006813	0	0	GO_terms	pathway
GO:0006816	0	0.00060330287805584	GO_terms	pathway
GO:0006817	0	0	GO_terms	pathway
GO:0006821	0	0	GO_terms	pathway
GO:0006826	0	0	GO_terms	pathway
GO:0006839	0	0	GO_terms	pathway
GO:0006874	0	0	GO_terms	pathway
GO:0006879	0	0	GO_terms	pathway
GO:0006886	0	0	GO_terms	pathway
GO:0006887	0	0	GO_terms	pathway
GO:0006888	0	0	GO_terms	pathway
GO:0006890	0	0	GO_terms	pathway
GO:0006896	0	0	GO_terms	pathway
GO:0006897	0	0	GO_terms	pathway
GO:0006906	0	0	GO_terms	pathway
GO:0006911	0	0	GO_terms	pathway
GO:0006914	0	0	GO_terms	pathway
GO:0006930	0	0	GO_terms	pathway
GO:0006936	0	0	GO_terms	pathway
GO:0006937	0	0	GO_terms	pathway
GO:0006952	0	0	GO_terms	pathway
GO:0006955	0	0	GO_terms	pathway
GO:0006970	0	0	GO_terms	pathway
GO:0006979	0	0	GO_terms	pathway
GO:0006995	0	0	GO_terms	pathway
GO:0006998	0	0	GO_terms	pathway
GO:0007005	0	0.00311188363298999	GO_terms	pathway
GO:0007010	0	0	GO_terms	pathway
GO:0007015	0	0	GO_terms	pathway
GO:0007017	0	0.0009650580249632	GO_terms	pathway
GO:0007018	0	0	GO_terms	pathway
GO:0007030	0	0	GO_terms	pathway
GO:0007032	0	0	GO_terms	pathway
GO:0007034	0	0	GO_terms	pathway
GO:0007035	0	0	GO_terms	pathway
GO:0007040	0	0	GO_terms	pathway
GO:0007051	0	0	GO_terms	pathway
GO:0007052	0	0.0012213013406794	GO_terms	pathway
GO:0007057	0	0	GO_terms	pathway
GO:0007059	0	0	GO_terms	pathway
GO:0007088	0	0	GO_terms	pathway
GO:0007112	0	0	GO_terms	pathway
GO:0007129	0	0	GO_terms	pathway
GO:0007131	0	0	GO_terms	pathway
GO:0007154	0	0	GO_terms	pathway
GO:0007155	0	0	GO_terms	pathway
GO:0007156	0	0	GO_terms	pathway
GO:0007165	0	0	GO_terms	pathway
GO:0007168	0	0	GO_terms	pathway
GO:0007169	0	0	GO_terms	pathway
GO:0007173	0	0	GO_terms	pathway
GO:0007186	0	0	GO_terms	pathway
GO:0007189	0	0	GO_terms	pathway
GO:0007191	0	0	GO_terms	pathway
GO:0007214	0	0	GO_terms	pathway
GO:0007219	0	0	GO_terms	pathway
GO:0007220	0	0	GO_terms	pathway
GO:0007254	0	0	GO_terms	pathway
GO:0007259	0	0	GO_terms	pathway
GO:0007264	0	0	GO_terms	pathway
GO:0007265	0	0	GO_terms	pathway
GO:0007266	0	0	GO_terms	pathway
GO:0007268	0	0	GO_terms	pathway
GO:0007269	0	0.00168613648127135	GO_terms	pathway
GO:0007271	0	0	GO_terms	pathway
GO:0007274	0	0	GO_terms	pathway
GO:0007281	0	0	GO_terms	pathway
GO:0007283	0	0.00152099621382206	GO_terms	pathway
GO:0007291	0	0	GO_terms	pathway
GO:0007293	0	0	GO_terms	pathway
GO:0007294	0	0	GO_terms	pathway
GO:0007298	0	0	GO_terms	pathway
GO:0007300	0	0	GO_terms	pathway
GO:0007301	0	0	GO_terms	pathway
GO:0007310	0	0	GO_terms	pathway
GO:0007312	0	0	GO_terms	pathway
GO:0007314	0	0	GO_terms	pathway
GO:0007317	0	0	GO_terms	pathway
GO:0007346	0	0	GO_terms	pathway
GO:0007349	0	0	GO_terms	pathway
GO:0007350	0	0	GO_terms	pathway
GO:0007367	0	0	GO_terms	pathway
GO:0007368	0	0	GO_terms	pathway
GO:0007370	0	0	GO_terms	pathway
GO:0007379	0	0	GO_terms	pathway
GO:0007390	0	0	GO_terms	pathway
GO:0007391	0	0	GO_terms	pathway
GO:0007394	0	0	GO_terms	pathway
GO:0007399	0	0	GO_terms	pathway
GO:0007405	0	0	GO_terms	pathway
GO:0007406	0	0	GO_terms	pathway
GO:0007409	0	0	GO_terms	pathway
GO:0007411	0	0	GO_terms	pathway
GO:0007412	0	0	GO_terms	pathway
GO:0007413	0	0	GO_terms	pathway
GO:0007416	0	0	GO_terms	pathway
GO:0007417	0	0	GO_terms	pathway
GO:0007419	0	0	GO_terms	pathway
GO:0007420	0	0	GO_terms	pathway
GO:0007422	0	0	GO_terms	pathway
GO:0007423	0	0	GO_terms	pathway
GO:0007424	0	0	GO_terms	pathway
GO:0007426	0	0	GO_terms	pathway
GO:0007427	0	0	GO_terms	pathway
GO:0007430	0	0	GO_terms	pathway
GO:0007431	0	0	GO_terms	pathway
GO:0007432	0	0	GO_terms	pathway
GO:0007435	0	0	GO_terms	pathway
GO:0007442	0	0	GO_terms	pathway
GO:0007443	0	0	GO_terms	pathway
GO:0007444	0	0	GO_terms	pathway
GO:0007446	0	0	GO_terms	pathway
GO:0007460	0	0	GO_terms	pathway
GO:0007464	0	0	GO_terms	pathway
GO:0007465	0	0	GO_terms	pathway
GO:0007472	0	0	GO_terms	pathway
GO:0007474	0	0	GO_terms	pathway
GO:0007476	0	0	GO_terms	pathway
GO:0007478	0	0	GO_terms	pathway
GO:0007480	0	0	GO_terms	pathway
GO:0007498	0	0	GO_terms	pathway
GO:0007507	0.00055040320953222	0	GO_terms	pathway
GO:0007517	0	0	GO_terms	pathway
GO:0007520	0	0	GO_terms	pathway
GO:0007521	0	0	GO_terms	pathway
GO:0007525	0	0	GO_terms	pathway
GO:0007526	0	0	GO_terms	pathway
GO:0007528	0	0	GO_terms	pathway
GO:0007594	0	0	GO_terms	pathway
GO:0007601	0	0	GO_terms	pathway
GO:0007602	0	0	GO_terms	pathway
GO:0007605	0	0	GO_terms	pathway
GO:0007606	0	0	GO_terms	pathway
GO:0007611	0	0	GO_terms	pathway
GO:0007613	0	0	GO_terms	pathway
GO:0007614	0	0.00038882696859032	GO_terms	pathway
GO:0007615	0	0	GO_terms	pathway
GO:0007616	0.00010531054022468	0	GO_terms	pathway
GO:0007619	0	0	GO_terms	pathway
GO:0007622	0	0	GO_terms	pathway
GO:0007623	0	0	GO_terms	pathway
GO:0007626	0	0	GO_terms	pathway
GO:0007628	0	0	GO_terms	pathway
GO:0007629	0	0	GO_terms	pathway
GO:0007630	0	0	GO_terms	pathway
GO:0007632	0	0	GO_terms	pathway
GO:0007637	0	0	GO_terms	pathway
GO:0007638	0	0.00032619821095606	GO_terms	pathway
GO:0008020	0	0	GO_terms	pathway
GO:0008021	0	0	GO_terms	pathway
GO:0008023	0	0.00018360245189359	GO_terms	pathway
GO:0008028	0	0	GO_terms	pathway
GO:0008033	0	0	GO_terms	pathway
GO:0008039	0	0	GO_terms	pathway
GO:0008045	0	0	GO_terms	pathway
GO:0008046	0	0	GO_terms	pathway
GO:0008047	0	0	GO_terms	pathway
GO:0008048	0	0	GO_terms	pathway
GO:0008061	0	0.00228895559724362	GO_terms	pathway
GO:0008062	0	0	GO_terms	pathway
GO:0008066	0	0	GO_terms	pathway
GO:0008069	0	0	GO_terms	pathway
GO:0008076	0	0	GO_terms	pathway
GO:0008078	0	0	GO_terms	pathway
GO:0008088	0	0	GO_terms	pathway
GO:0008089	0	0	GO_terms	pathway
GO:0008090	0	0	GO_terms	pathway
GO:0008103	0	0	GO_terms	pathway
GO:0008104	0	0	GO_terms	pathway
GO:0008126	0	0	GO_terms	pathway
GO:0008137	0	0	GO_terms	pathway
GO:0008138	0	0	GO_terms	pathway
GO:0008150	0	0	GO_terms	pathway
GO:0008168	0	0	GO_terms	pathway
GO:0008173	0	0	GO_terms	pathway
GO:0008180	0	0	GO_terms	pathway
GO:0008188	9.27331773802215e-05	0	GO_terms	pathway
GO:0008194	0	0	GO_terms	pathway
GO:0008195	0	0	GO_terms	pathway
GO:0008231	0	0	GO_terms	pathway
GO:0008237	0	0	GO_terms	pathway
GO:0008250	0	0	GO_terms	pathway
GO:0008258	0	0	GO_terms	pathway
GO:0008266	0	0	GO_terms	pathway
GO:0008284	0	0	GO_terms	pathway
GO:0008285	0	0	GO_terms	pathway
GO:0008286	0	0	GO_terms	pathway
GO:0008306	0	0	GO_terms	pathway
GO:0008312	0	0	GO_terms	pathway
GO:0008320	0	0	GO_terms	pathway
GO:0008328	0	0	GO_terms	pathway
GO:0008340	0	0	GO_terms	pathway
GO:0008344	0	0.00545878525797473	GO_terms	pathway
GO:0008345	0	0	GO_terms	pathway
GO:0008347	0	0	GO_terms	pathway
GO:0008348	0	0	GO_terms	pathway
GO:0008354	0	0	GO_terms	pathway
GO:0008355	0	0.00061451181945518	GO_terms	pathway
GO:0008356	0	0	GO_terms	pathway
GO:0008360	0	0	GO_terms	pathway
GO:0008361	0	0	GO_terms	pathway
GO:0008362	0	0	GO_terms	pathway
GO:0008363	0	0	GO_terms	pathway
GO:0008379	0	0	GO_terms	pathway
GO:0008380	0	0	GO_terms	pathway
GO:0008381	0	0	GO_terms	pathway
GO:0008406	0	0	GO_terms	pathway
GO:0008407	0	0	GO_terms	pathway
GO:0008408	0	0	GO_terms	pathway
GO:0008429	0	0	GO_terms	pathway
GO:0008432	0	0	GO_terms	pathway
GO:0008527	0	0	GO_terms	pathway
GO:0008540	0	0	GO_terms	pathway
GO:0008541	0	0	GO_terms	pathway
GO:0008543	0	0	GO_terms	pathway
GO:0008544	0	0	GO_terms	pathway
GO:0008566	0	0	GO_terms	pathway
GO:0008569	0	0	GO_terms	pathway
GO:0008582	0	0	GO_terms	pathway
GO:0008586	0	0	GO_terms	pathway
GO:0008587	0	0	GO_terms	pathway
GO:0008594	0	0	GO_terms	pathway
GO:0008597	0	0	GO_terms	pathway
GO:0008603	0	0	GO_terms	pathway
GO:0008643	0	0	GO_terms	pathway
GO:0008654	0	0	GO_terms	pathway
GO:0008745	0.00105440212323725	0	GO_terms	pathway
GO:0008774	0	0	GO_terms	pathway
GO:0009052	0	0	GO_terms	pathway
GO:0009055	0	0	GO_terms	pathway
GO:0009165	0	0	GO_terms	pathway
GO:0009190	0	0	GO_terms	pathway
GO:0009253	0	0	GO_terms	pathway
GO:0009266	0	0	GO_terms	pathway
GO:0009267	0	0	GO_terms	pathway
GO:0009361	0	0	GO_terms	pathway
GO:0009408	0	0.00190985122493501	GO_terms	pathway
GO:0009410	0	0	GO_terms	pathway
GO:0009416	0	0	GO_terms	pathway
GO:0009584	0	0	GO_terms	pathway
GO:0009589	0	0	GO_terms	pathway
GO:0009593	0	0	GO_terms	pathway
GO:0009636	0	0	GO_terms	pathway
GO:0009649	0	0	GO_terms	pathway
GO:0009791	0	0	GO_terms	pathway
GO:0009792	0	0.00117095272823992	GO_terms	pathway
GO:0009880	0	0.00089938700786884	GO_terms	pathway
GO:0009887	0	0	GO_terms	pathway
GO:0009897	0	0	GO_terms	pathway
GO:0009953	0	0	GO_terms	pathway
GO:0009957	0	0	GO_terms	pathway
GO:0010038	0	0	GO_terms	pathway
GO:0010389	0	0	GO_terms	pathway
GO:0010458	0	0	GO_terms	pathway
GO:0010468	0.00065663996434357	0	GO_terms	pathway
GO:0010496	0	0	GO_terms	pathway
GO:0010506	0	0	GO_terms	pathway
GO:0010507	0	0	GO_terms	pathway
GO:0010508	0	0	GO_terms	pathway
GO:0010592	0	0	GO_terms	pathway
GO:0010593	0	0	GO_terms	pathway
GO:0010628	0	0	GO_terms	pathway
GO:0010629	0	0	GO_terms	pathway
GO:0010821	0	0	GO_terms	pathway
GO:0010884	0	0	GO_terms	pathway
GO:0010891	0	0	GO_terms	pathway
GO:0010898	0	0	GO_terms	pathway
GO:0010970	0	0	GO_terms	pathway
GO:0010972	0	0	GO_terms	pathway
GO:0010996	0	0	GO_terms	pathway
GO:0012505	0	0.0006854668751477	GO_terms	pathway
GO:0014019	0	0	GO_terms	pathway
GO:0015014	0	0	GO_terms	pathway
GO:0015015	0	0	GO_terms	pathway
GO:0015026	0	0	GO_terms	pathway
GO:0015116	0	0	GO_terms	pathway
GO:0015117	0	0	GO_terms	pathway
GO:0015137	0	0	GO_terms	pathway
GO:0015141	0	0	GO_terms	pathway
GO:0015171	0	0	GO_terms	pathway
GO:0015175	0	0	GO_terms	pathway
GO:0015179	0	0.00535633846079444	GO_terms	pathway
GO:0015271	0	0	GO_terms	pathway
GO:0015276	0	0	GO_terms	pathway
GO:0015277	0	0	GO_terms	pathway
GO:0015279	0	0	GO_terms	pathway
GO:0015293	0	0	GO_terms	pathway
GO:0015377	0	0	GO_terms	pathway
GO:0015459	0	0	GO_terms	pathway
GO:0015464	0	0	GO_terms	pathway
GO:0015574	0	0	GO_terms	pathway
GO:0015629	0	0.00067232117132346	GO_terms	pathway
GO:0015630	0	0	GO_terms	pathway
GO:0015709	0	0	GO_terms	pathway
GO:0015718	0	0	GO_terms	pathway
GO:0015744	0	0	GO_terms	pathway
GO:0015746	0	0	GO_terms	pathway
GO:0015782	0	0	GO_terms	pathway
GO:0015812	0	0	GO_terms	pathway
GO:0015813	0	0	GO_terms	pathway
GO:0015914	0	0	GO_terms	pathway
GO:0015934	0	0	GO_terms	pathway
GO:0015935	0	0	GO_terms	pathway
GO:0015986	0	0	GO_terms	pathway
GO:0016007	0	0	GO_terms	pathway
GO:0016008	0	0.00173804711021593	GO_terms	pathway
GO:0016020	0	0.0007936285076094	GO_terms	pathway
GO:0016027	0	0	GO_terms	pathway
GO:0016028	0	0	GO_terms	pathway
GO:0016032	0	0	GO_terms	pathway
GO:0016035	0	0	GO_terms	pathway
GO:0016055	0	0.00161438308215641	GO_terms	pathway
GO:0016056	0	0	GO_terms	pathway
GO:0016057	0	0	GO_terms	pathway
GO:0016059	0	0	GO_terms	pathway
GO:0016060	0	0	GO_terms	pathway
GO:0016079	0	0	GO_terms	pathway
GO:0016080	0	0	GO_terms	pathway
GO:0016081	0	0	GO_terms	pathway
GO:0016082	0	0	GO_terms	pathway
GO:0016180	0	0	GO_terms	pathway
GO:0016192	0	0	GO_terms	pathway
GO:0016199	0	0	GO_terms	pathway
GO:0016201	0	0	GO_terms	pathway
GO:0016203	0	0	GO_terms	pathway
GO:0016236	0	0	GO_terms	pathway
GO:0016239	0	0	GO_terms	pathway
GO:0016251	0	0	GO_terms	pathway
GO:0016282	0	0	GO_terms	pathway
GO:0016318	0	0	GO_terms	pathway
GO:0016319	0	0	GO_terms	pathway
GO:0016322	0	0	GO_terms	pathway
GO:0016324	0	0	GO_terms	pathway
GO:0016325	0	0	GO_terms	pathway
GO:0016327	0	0	GO_terms	pathway
GO:0016328	0	0	GO_terms	pathway
GO:0016360	0	0	GO_terms	pathway
GO:0016459	0	0	GO_terms	pathway
GO:0016471	0	0	GO_terms	pathway
GO:0016476	0	0	GO_terms	pathway
GO:0016477	0	0	GO_terms	pathway
GO:0016567	0.00110432457865946	0.00053079046818471	GO_terms	pathway
GO:0016579	0	0	GO_terms	pathway
GO:0016581	0	0.00038069274010026	GO_terms	pathway
GO:0016592	0	0	GO_terms	pathway
GO:0016597	0	0	GO_terms	pathway
GO:0016600	0	0	GO_terms	pathway
GO:0016614	0	0	GO_terms	pathway
GO:0016616	0	0	GO_terms	pathway
GO:0016627	0	0	GO_terms	pathway
GO:0016639	0	0	GO_terms	pathway
GO:0016717	0	0	GO_terms	pathway
GO:0016747	0	0	GO_terms	pathway
GO:0016779	0	0	GO_terms	pathway
GO:0016783	0	0	GO_terms	pathway
GO:0016787	0	0	GO_terms	pathway
GO:0016791	0	0	GO_terms	pathway
GO:0016811	0	0	GO_terms	pathway
GO:0016887	0.00041855949478686	0.00107537448645916	GO_terms	pathway
GO:0017018	0	0	GO_terms	pathway
GO:0017022	0	0	GO_terms	pathway
GO:0017025	0	0	GO_terms	pathway
GO:0017053	0	0	GO_terms	pathway
GO:0017080	0	0	GO_terms	pathway
GO:0017085	0	0.00056109536189619	GO_terms	pathway
GO:0017147	0	0	GO_terms	pathway
GO:0018094	0	0	GO_terms	pathway
GO:0018279	0	0	GO_terms	pathway
GO:0018444	0	0	GO_terms	pathway
GO:0019001	0	0	GO_terms	pathway
GO:0019221	0	0	GO_terms	pathway
GO:0019510	0	0	GO_terms	pathway
GO:0019682	0	0	GO_terms	pathway
GO:0019722	0	0	GO_terms	pathway
GO:0019752	0	0	GO_terms	pathway
GO:0019784	0	0	GO_terms	pathway
GO:0019827	0	0	GO_terms	pathway
GO:0019843	0	0	GO_terms	pathway
GO:0019896	0	0	GO_terms	pathway
GO:0019900	0	0	GO_terms	pathway
GO:0019901	0	0	GO_terms	pathway
GO:0019904	0	0	GO_terms	pathway
GO:0019905	0	0	GO_terms	pathway
GO:0019915	0	0	GO_terms	pathway
GO:0019934	0	0	GO_terms	pathway
GO:0019941	0	0	GO_terms	pathway
GO:0019953	0	0	GO_terms	pathway
GO:0019991	0	0	GO_terms	pathway
GO:0021551	0	0	GO_terms	pathway
GO:0022008	0	0	GO_terms	pathway
GO:0022409	0	0	GO_terms	pathway
GO:0022416	0	0	GO_terms	pathway
GO:0022625	0	0	GO_terms	pathway
GO:0022626	0	0	GO_terms	pathway
GO:0022627	0	0	GO_terms	pathway
GO:0022834	0	0	GO_terms	pathway
GO:0022848	0	0	GO_terms	pathway
GO:0022849	0	0	GO_terms	pathway
GO:0022851	0	0	GO_terms	pathway
GO:0022857	0	0	GO_terms	pathway
GO:0022900	0	0	GO_terms	pathway
GO:0022904	0	0	GO_terms	pathway
GO:0030010	0	0.00411455390283706	GO_terms	pathway
GO:0030018	0	0	GO_terms	pathway
GO:0030027	0	0	GO_terms	pathway
GO:0030030	0	0	GO_terms	pathway
GO:0030031	0	0	GO_terms	pathway
GO:0030032	0	0	GO_terms	pathway
GO:0030036	0	0	GO_terms	pathway
GO:0030048	0	0	GO_terms	pathway
GO:0030054	0	0	GO_terms	pathway
GO:0030071	0	0	GO_terms	pathway
GO:0030117	0	0	GO_terms	pathway
GO:0030122	0	0	GO_terms	pathway
GO:0030123	0	0	GO_terms	pathway
GO:0030131	0	0	GO_terms	pathway
GO:0030139	0	0	GO_terms	pathway
GO:0030141	0	0	GO_terms	pathway
GO:0030145	0	0	GO_terms	pathway
GO:0030154	0	0.00047465518863935	GO_terms	pathway
GO:0030159	0	0	GO_terms	pathway
GO:0030170	0	0	GO_terms	pathway
GO:0030175	0	0	GO_terms	pathway
GO:0030182	0	0	GO_terms	pathway
GO:0030215	0	0	GO_terms	pathway
GO:0030234	0	0	GO_terms	pathway
GO:0030239	0	0	GO_terms	pathway
GO:0030246	0	0	GO_terms	pathway
GO:0030261	0	0.00142415467582312	GO_terms	pathway
GO:0030265	0	0	GO_terms	pathway
GO:0030286	0	0.00163522179611647	GO_terms	pathway
GO:0030307	0	0	GO_terms	pathway
GO:0030317	0.00229148018738594	0	GO_terms	pathway
GO:0030332	0	0	GO_terms	pathway
GO:0030334	0	0	GO_terms	pathway
GO:0030335	0	0	GO_terms	pathway
GO:0030388	0	0	GO_terms	pathway
GO:0030414	0	0	GO_terms	pathway
GO:0030424	0	0	GO_terms	pathway
GO:0030426	0	0	GO_terms	pathway
GO:0030431	0	0	GO_terms	pathway
GO:0030506	0	0	GO_terms	pathway
GO:0030510	0	0	GO_terms	pathway
GO:0030514	0	0	GO_terms	pathway
GO:0030527	0	0	GO_terms	pathway
GO:0030532	0	0	GO_terms	pathway
GO:0030534	0	0	GO_terms	pathway
GO:0030552	0	0	GO_terms	pathway
GO:0030589	0	0	GO_terms	pathway
GO:0030619	0	0	GO_terms	pathway
GO:0030620	0	0	GO_terms	pathway
GO:0030623	0	0	GO_terms	pathway
GO:0030641	0	0	GO_terms	pathway
GO:0030659	0	0	GO_terms	pathway
GO:0030672	0	0	GO_terms	pathway
GO:0030674	0	0	GO_terms	pathway
GO:0030686	0	0	GO_terms	pathway
GO:0030707	0	0	GO_terms	pathway
GO:0030718	0	0	GO_terms	pathway
GO:0030723	0	0	GO_terms	pathway
GO:0030832	0	0	GO_terms	pathway
GO:0030833	0	0	GO_terms	pathway
GO:0030838	0	0	GO_terms	pathway
GO:0030864	0	0	GO_terms	pathway
GO:0030866	0	0	GO_terms	pathway
GO:0030891	0	0	GO_terms	pathway
GO:0030892	0	0	GO_terms	pathway
GO:0030904	0	0	GO_terms	pathway
GO:0030906	0	0	GO_terms	pathway
GO:0030911	0	0	GO_terms	pathway
GO:0030915	0	0	GO_terms	pathway
GO:0030942	0	0	GO_terms	pathway
GO:0030948	0	0	GO_terms	pathway
GO:0031010	0	0	GO_terms	pathway
GO:0031032	0	0	GO_terms	pathway
GO:0031072	0	0	GO_terms	pathway
GO:0031145	0	0.00275609193878197	GO_terms	pathway
GO:0031201	0	0	GO_terms	pathway
GO:0031204	0	0	GO_terms	pathway
GO:0031209	0	0	GO_terms	pathway
GO:0031234	0	0	GO_terms	pathway
GO:0031267	0	0	GO_terms	pathway
GO:0031369	0	0	GO_terms	pathway
GO:0031371	0	0	GO_terms	pathway
GO:0031372	0	0	GO_terms	pathway
GO:0031386	0	0	GO_terms	pathway
GO:0031396	0	0	GO_terms	pathway
GO:0031398	0	0	GO_terms	pathway
GO:0031410	0	0	GO_terms	pathway
GO:0031418	0	0	GO_terms	pathway
GO:0031430	0	0	GO_terms	pathway
GO:0031440	0	0	GO_terms	pathway
GO:0031453	0	0	GO_terms	pathway
GO:0031462	0	0	GO_terms	pathway
GO:0031463	0	0	GO_terms	pathway
GO:0031475	0	0	GO_terms	pathway
GO:0031476	0	0	GO_terms	pathway
GO:0031477	0	0	GO_terms	pathway
GO:0031489	0	0	GO_terms	pathway
GO:0031491	0	0	GO_terms	pathway
GO:0031588	0	0	GO_terms	pathway
GO:0031594	0	0	GO_terms	pathway
GO:0031616	0	0	GO_terms	pathway
GO:0031623	0	0	GO_terms	pathway
GO:0031624	0	0.00203046531440842	GO_terms	pathway
GO:0031629	0	0	GO_terms	pathway
GO:0031647	0	0	GO_terms	pathway
GO:0031670	0	0	GO_terms	pathway
GO:0031683	0	0	GO_terms	pathway
GO:0031902	0	0	GO_terms	pathway
GO:0031932	0	0	GO_terms	pathway
GO:0031966	0	0	GO_terms	pathway
GO:0031982	0	0	GO_terms	pathway
GO:0032007	0	0	GO_terms	pathway
GO:0032008	0	0	GO_terms	pathway
GO:0032021	0	0	GO_terms	pathway
GO:0032036	0	0	GO_terms	pathway
GO:0032039	0	0	GO_terms	pathway
GO:0032044	0	0	GO_terms	pathway
GO:0032182	0	0	GO_terms	pathway
GO:0032183	0	0	GO_terms	pathway
GO:0032259	0	0	GO_terms	pathway
GO:0032291	0	0	GO_terms	pathway
GO:0032435	0	0	GO_terms	pathway
GO:0032436	0	0	GO_terms	pathway
GO:0032456	0	0	GO_terms	pathway
GO:0032482	0	0	GO_terms	pathway
GO:0032507	0	0	GO_terms	pathway
GO:0032509	0	0	GO_terms	pathway
GO:0032549	0	0	GO_terms	pathway
GO:0032785	0	0	GO_terms	pathway
GO:0032794	0	0	GO_terms	pathway
GO:0032940	0	0	GO_terms	pathway
GO:0032956	0	0	GO_terms	pathway
GO:0032991	0	0	GO_terms	pathway
GO:0032993	0	0	GO_terms	pathway
GO:0033119	0	0	GO_terms	pathway
GO:0033120	0	0	GO_terms	pathway
GO:0033176	0	0	GO_terms	pathway
GO:0033179	0	0	GO_terms	pathway
GO:0033180	0	0	GO_terms	pathway
GO:0033181	0	0	GO_terms	pathway
GO:0033209	0	0	GO_terms	pathway
GO:0033299	0	0	GO_terms	pathway
GO:0033363	0	0	GO_terms	pathway
GO:0033500	0	0	GO_terms	pathway
GO:0033503	0	0	GO_terms	pathway
GO:0033583	0	0	GO_terms	pathway
GO:0033619	0	0	GO_terms	pathway
GO:0033627	0	0	GO_terms	pathway
GO:0033962	0	0	GO_terms	pathway
GO:0034046	0	0	GO_terms	pathway
GO:0034198	0	0	GO_terms	pathway
GO:0034236	0	0	GO_terms	pathway
GO:0034244	0	0	GO_terms	pathway
GO:0034314	0	0	GO_terms	pathway
GO:0034334	0	0	GO_terms	pathway
GO:0034446	0	0	GO_terms	pathway
GO:0034472	0	0	GO_terms	pathway
GO:0034587	0	0.00300603940534474	GO_terms	pathway
GO:0034602	0	0	GO_terms	pathway
GO:0034604	0	0	GO_terms	pathway
GO:0034644	0	0	GO_terms	pathway
GO:0034693	0	0	GO_terms	pathway
GO:0034719	0	0	GO_terms	pathway
GO:0034976	0	0	GO_terms	pathway
GO:0035002	0	0	GO_terms	pathway
GO:0035003	0	0	GO_terms	pathway
GO:0035011	0	0	GO_terms	pathway
GO:0035017	0	0	GO_terms	pathway
GO:0035019	0	0	GO_terms	pathway
GO:0035041	0	0	GO_terms	pathway
GO:0035050	0	0	GO_terms	pathway
GO:0035060	0	0	GO_terms	pathway
GO:0035062	0	0	GO_terms	pathway
GO:0035069	0	0	GO_terms	pathway
GO:0035073	0	0	GO_terms	pathway
GO:0035075	0	0	GO_terms	pathway
GO:0035091	0	0	GO_terms	pathway
GO:0035092	0	0	GO_terms	pathway
GO:0035096	0	0	GO_terms	pathway
GO:0035097	0	0	GO_terms	pathway
GO:0035098	0	0	GO_terms	pathway
GO:0035099	0	0	GO_terms	pathway
GO:0035147	0	0	GO_terms	pathway
GO:0035149	0	0.0004710699509782	GO_terms	pathway
GO:0035151	0	0	GO_terms	pathway
GO:0035153	0	0	GO_terms	pathway
GO:0035159	0	0	GO_terms	pathway
GO:0035160	0	0	GO_terms	pathway
GO:0035167	0	0	GO_terms	pathway
GO:0035197	0	0	GO_terms	pathway
GO:0035204	0	0	GO_terms	pathway
GO:0035206	0	0.00052749252353965	GO_terms	pathway
GO:0035212	0	0	GO_terms	pathway
GO:0035220	0	0	GO_terms	pathway
GO:0035225	0	0	GO_terms	pathway
GO:0035249	0	0	GO_terms	pathway
GO:0035277	0.00100168990532047	0	GO_terms	pathway
GO:0035288	0	0	GO_terms	pathway
GO:0035293	0	0	GO_terms	pathway
GO:0035309	0	0	GO_terms	pathway
GO:0035313	0	0	GO_terms	pathway
GO:0035317	0	0	GO_terms	pathway
GO:0035329	0	0	GO_terms	pathway
GO:0035331	0	0	GO_terms	pathway
GO:0035332	0	0	GO_terms	pathway
GO:0035435	0	0	GO_terms	pathway
GO:0035556	0.00013287019220673	0	GO_terms	pathway
GO:0035605	0	0	GO_terms	pathway
GO:0035615	0	0	GO_terms	pathway
GO:0035627	0	0	GO_terms	pathway
GO:0035632	0	0	GO_terms	pathway
GO:0035725	0	0	GO_terms	pathway
GO:0035859	0	0	GO_terms	pathway
GO:0036011	0	0	GO_terms	pathway
GO:0036098	0	0	GO_terms	pathway
GO:0036099	0	0	GO_terms	pathway
GO:0036122	0	0	GO_terms	pathway
GO:0036126	0	0	GO_terms	pathway
GO:0036156	0	0	GO_terms	pathway
GO:0036157	0	0	GO_terms	pathway
GO:0036158	0	0	GO_terms	pathway
GO:0036211	0	0	GO_terms	pathway
GO:0036335	0.00046506304788892	0	GO_terms	pathway
GO:0036402	0	0	GO_terms	pathway
GO:0038001	0	0	GO_terms	pathway
GO:0038066	0	0	GO_terms	pathway
GO:0038187	0	0	GO_terms	pathway
GO:0040008	0	0	GO_terms	pathway
GO:0040011	0	0	GO_terms	pathway
GO:0040018	0	0	GO_terms	pathway
GO:0040040	0	0	GO_terms	pathway
GO:0042026	0	0	GO_terms	pathway
GO:0042052	0	0	GO_terms	pathway
GO:0042059	0	0	GO_terms	pathway
GO:0042060	0	0	GO_terms	pathway
GO:0042062	0	0	GO_terms	pathway
GO:0042067	0	0	GO_terms	pathway
GO:0042127	0	0	GO_terms	pathway
GO:0042147	0	0	GO_terms	pathway
GO:0042273	0	0	GO_terms	pathway
GO:0042274	0	0	GO_terms	pathway
GO:0042278	0	0	GO_terms	pathway
GO:0042391	0	0	GO_terms	pathway
GO:0042416	0	0	GO_terms	pathway
GO:0042500	0	0	GO_terms	pathway
GO:0042542	0	0	GO_terms	pathway
GO:0042555	0	0	GO_terms	pathway
GO:0042593	0	0	GO_terms	pathway
GO:0042594	0	0	GO_terms	pathway
GO:0042600	0	0	GO_terms	pathway
GO:0042626	0	0	GO_terms	pathway
GO:0042645	0	0	GO_terms	pathway
GO:0042659	0	0	GO_terms	pathway
GO:0042675	0	0	GO_terms	pathway
GO:0042691	0	0	GO_terms	pathway
GO:0042719	0	0	GO_terms	pathway
GO:0042720	0	0	GO_terms	pathway
GO:0042721	0	0	GO_terms	pathway
GO:0042734	0	0	GO_terms	pathway
GO:0042744	0	0	GO_terms	pathway
GO:0042752	0	0	GO_terms	pathway
GO:0042756	0	0	GO_terms	pathway
GO:0042759	0	0	GO_terms	pathway
GO:0042789	0	0	GO_terms	pathway
GO:0042797	0	0	GO_terms	pathway
GO:0042802	0	0	GO_terms	pathway
GO:0042803	0	0	GO_terms	pathway
GO:0042813	0	0	GO_terms	pathway
GO:0042834	0	0	GO_terms	pathway
GO:0042995	0	0	GO_terms	pathway
GO:0043001	0	0	GO_terms	pathway
GO:0043005	0	0	GO_terms	pathway
GO:0043014	0	0	GO_terms	pathway
GO:0043025	0	0	GO_terms	pathway
GO:0043052	0	0	GO_terms	pathway
GO:0043065	0	0	GO_terms	pathway
GO:0043066	0	0	GO_terms	pathway
GO:0043068	0	0	GO_terms	pathway
GO:0043152	0	0	GO_terms	pathway
GO:0043161	0	0	GO_terms	pathway
GO:0043190	0	0	GO_terms	pathway
GO:0043195	0	0	GO_terms	pathway
GO:0043204	0	0	GO_terms	pathway
GO:0043231	0	0	GO_terms	pathway
GO:0043296	0	0	GO_terms	pathway
GO:0043408	0	0	GO_terms	pathway
GO:0043409	0	0	GO_terms	pathway
GO:0043490	0	0	GO_terms	pathway
GO:0043524	0	0.00214216260731674	GO_terms	pathway
GO:0043565	0.00119620651006363	0	GO_terms	pathway
GO:0043614	0	0	GO_terms	pathway
GO:0043679	0	0	GO_terms	pathway
GO:0043695	0	0	GO_terms	pathway
GO:0043697	0	0	GO_terms	pathway
GO:0044183	0	0	GO_terms	pathway
GO:0044291	0	0	GO_terms	pathway
GO:0044297	0	0.00069615432161517	GO_terms	pathway
GO:0044547	0	0	GO_terms	pathway
GO:0044754	0	0	GO_terms	pathway
GO:0044877	0	0	GO_terms	pathway
GO:0045039	0	0	GO_terms	pathway
GO:0045041	0	0	GO_terms	pathway
GO:0045048	0	0	GO_terms	pathway
GO:0045087	0.00115618348797779	0	GO_terms	pathway
GO:0045116	0	0	GO_terms	pathway
GO:0045145	0	0	GO_terms	pathway
GO:0045165	0	0	GO_terms	pathway
GO:0045167	0	0	GO_terms	pathway
GO:0045169	0	0	GO_terms	pathway
GO:0045172	0	0	GO_terms	pathway
GO:0045176	0	0	GO_terms	pathway
GO:0045177	0	0	GO_terms	pathway
GO:0045178	0	0	GO_terms	pathway
GO:0045179	0	0	GO_terms	pathway
GO:0045186	0	0	GO_terms	pathway
GO:0045187	0	0	GO_terms	pathway
GO:0045196	0	0	GO_terms	pathway
GO:0045198	0	0	GO_terms	pathway
GO:0045199	0	0	GO_terms	pathway
GO:0045200	0	0	GO_terms	pathway
GO:0045202	0	0	GO_terms	pathway
GO:0045211	0	0	GO_terms	pathway
GO:0045214	0	0	GO_terms	pathway
GO:0045242	0	0	GO_terms	pathway
GO:0045244	0	0	GO_terms	pathway
GO:0045252	0	0	GO_terms	pathway
GO:0045254	0	0	GO_terms	pathway
GO:0045259	0	0	GO_terms	pathway
GO:0045271	0	0	GO_terms	pathway
GO:0045273	0	0	GO_terms	pathway
GO:0045275	0	0	GO_terms	pathway
GO:0045294	0	0	GO_terms	pathway
GO:0045296	0	0	GO_terms	pathway
GO:0045324	0	0	GO_terms	pathway
GO:0045333	0	0	GO_terms	pathway
GO:0045451	0	0	GO_terms	pathway
GO:0045455	0	0	GO_terms	pathway
GO:0045463	0	0	GO_terms	pathway
GO:0045464	0	0	GO_terms	pathway
GO:0045466	0	0	GO_terms	pathway
GO:0045467	0	0	GO_terms	pathway
GO:0045471	0	0	GO_terms	pathway
GO:0045475	0	0.0033659868437104	GO_terms	pathway
GO:0045476	0	0	GO_terms	pathway
GO:0045494	0	0	GO_terms	pathway
GO:0045495	0	0	GO_terms	pathway
GO:0045499	0	0	GO_terms	pathway
GO:0045504	0	0	GO_terms	pathway
GO:0045505	0	0	GO_terms	pathway
GO:0045570	0	0	GO_terms	pathway
GO:0045572	0	0	GO_terms	pathway
GO:0045664	0	0	GO_terms	pathway
GO:0045666	0	0	GO_terms	pathway
GO:0045676	0	0	GO_terms	pathway
GO:0045677	0	0	GO_terms	pathway
GO:0045727	0	0	GO_terms	pathway
GO:0045732	0	0	GO_terms	pathway
GO:0045747	0	0	GO_terms	pathway
GO:0045751	0	0	GO_terms	pathway
GO:0045752	0	0	GO_terms	pathway
GO:0045773	0	0	GO_terms	pathway
GO:0045792	0	0	GO_terms	pathway
GO:0045793	0	0	GO_terms	pathway
GO:0045807	0	0	GO_terms	pathway
GO:0045815	0	0	GO_terms	pathway
GO:0045819	0	0	GO_terms	pathway
GO:0045842	0	0	GO_terms	pathway
GO:0045860	0	0	GO_terms	pathway
GO:0045861	0	0	GO_terms	pathway
GO:0045873	0	0	GO_terms	pathway
GO:0045879	0	0	GO_terms	pathway
GO:0045880	0	0	GO_terms	pathway
GO:0045886	0	0	GO_terms	pathway
GO:0045887	0	0	GO_terms	pathway
GO:0045892	0	0	GO_terms	pathway
GO:0045893	0	0	GO_terms	pathway
GO:0045938	0	0	GO_terms	pathway
GO:0045944	0	0	GO_terms	pathway
GO:0045995	0	0	GO_terms	pathway
GO:0046328	0.00051142974799493	0	GO_terms	pathway
GO:0046329	0	0	GO_terms	pathway
GO:0046330	0	0	GO_terms	pathway
GO:0046488	0	0	GO_terms	pathway
GO:0046512	0	0	GO_terms	pathway
GO:0046513	0	0	GO_terms	pathway
GO:0046529	0	0	GO_terms	pathway
GO:0046540	0	0	GO_terms	pathway
GO:0046597	0	0	GO_terms	pathway
GO:0046621	0	0	GO_terms	pathway
GO:0046627	0	0	GO_terms	pathway
GO:0046628	0	0	GO_terms	pathway
GO:0046664	0	0	GO_terms	pathway
GO:0046666	0	0	GO_terms	pathway
GO:0046667	0	0	GO_terms	pathway
GO:0046673	0	0	GO_terms	pathway
GO:0046716	0	0	GO_terms	pathway
GO:0046718	0	0	GO_terms	pathway
GO:0046839	0	0	GO_terms	pathway
GO:0046843	0	0	GO_terms	pathway
GO:0046854	0	0	GO_terms	pathway
GO:0046856	0	0	GO_terms	pathway
GO:0046928	0	0	GO_terms	pathway
GO:0046933	0	0	GO_terms	pathway
GO:0046959	0	0	GO_terms	pathway
GO:0046961	0	0.00702098411946822	GO_terms	pathway
GO:0046982	0.00033997478144262	0.00464628937775172	GO_terms	pathway
GO:0046983	0	0	GO_terms	pathway
GO:0047407	0	0	GO_terms	pathway
GO:0047496	0	0	GO_terms	pathway
GO:0047961	0	0	GO_terms	pathway
GO:0048010	0	0	GO_terms	pathway
GO:0048015	0	0	GO_terms	pathway
GO:0048026	0	0	GO_terms	pathway
GO:0048027	0	0	GO_terms	pathway
GO:0048036	0	0	GO_terms	pathway
GO:0048052	0	0	GO_terms	pathway
GO:0048056	0	0	GO_terms	pathway
GO:0048076	0	0	GO_terms	pathway
GO:0048082	0	0	GO_terms	pathway
GO:0048100	0	0	GO_terms	pathway
GO:0048102	0	0	GO_terms	pathway
GO:0048140	0	0	GO_terms	pathway
GO:0048142	0	0	GO_terms	pathway
GO:0048148	0	0	GO_terms	pathway
GO:0048149	0	0	GO_terms	pathway
GO:0048150	0	0	GO_terms	pathway
GO:0048167	0	0	GO_terms	pathway
GO:0048172	0	0	GO_terms	pathway
GO:0048190	0	0	GO_terms	pathway
GO:0048311	0	0	GO_terms	pathway
GO:0048312	0	0	GO_terms	pathway
GO:0048471	0	0	GO_terms	pathway
GO:0048477	0	0	GO_terms	pathway
GO:0048488	0	0	GO_terms	pathway
GO:0048489	0	0	GO_terms	pathway
GO:0048490	0	0	GO_terms	pathway
GO:0048500	0	0	GO_terms	pathway
GO:0048512	0	0	GO_terms	pathway
GO:0048542	0	0	GO_terms	pathway
GO:0048546	0	0	GO_terms	pathway
GO:0048617	0	0	GO_terms	pathway
GO:0048636	0	0	GO_terms	pathway
GO:0048644	0	0	GO_terms	pathway
GO:0048666	0	0	GO_terms	pathway
GO:0048675	0	0	GO_terms	pathway
GO:0048678	0	0	GO_terms	pathway
GO:0048738	0	0	GO_terms	pathway
GO:0048749	0	0	GO_terms	pathway
GO:0048786	0	0	GO_terms	pathway
GO:0048789	0	0	GO_terms	pathway
GO:0048790	0	0	GO_terms	pathway
GO:0048800	0	0	GO_terms	pathway
GO:0048803	0	0	GO_terms	pathway
GO:0048812	0	0	GO_terms	pathway
GO:0048813	0	0	GO_terms	pathway
GO:0048814	0	0	GO_terms	pathway
GO:0048841	0	0	GO_terms	pathway
GO:0048846	0	0	GO_terms	pathway
GO:0048863	0	0	GO_terms	pathway
GO:0048870	0	0	GO_terms	pathway
GO:0050660	0	0	GO_terms	pathway
GO:0050661	0	0	GO_terms	pathway
GO:0050714	0	0	GO_terms	pathway
GO:0050770	0	0	GO_terms	pathway
GO:0050772	0	0	GO_terms	pathway
GO:0050773	0	0	GO_terms	pathway
GO:0050776	0	0	GO_terms	pathway
GO:0050803	0	0	GO_terms	pathway
GO:0050804	0	0	GO_terms	pathway
GO:0050807	0	0	GO_terms	pathway
GO:0050808	0	0.0027550782712952	GO_terms	pathway
GO:0050811	0	0	GO_terms	pathway
GO:0050821	0	0	GO_terms	pathway
GO:0050833	0	0	GO_terms	pathway
GO:0050839	0	0	GO_terms	pathway
GO:0050884	0	0	GO_terms	pathway
GO:0050891	0	0	GO_terms	pathway
GO:0050908	0	0	GO_terms	pathway
GO:0050909	0	0	GO_terms	pathway
GO:0050919	0	0	GO_terms	pathway
GO:0050965	0	0	GO_terms	pathway
GO:0050976	0	0	GO_terms	pathway
GO:0050982	0	0	GO_terms	pathway
GO:0051012	0	0	GO_terms	pathway
GO:0051015	0	0	GO_terms	pathway
GO:0051017	0	0	GO_terms	pathway
GO:0051028	0	0	GO_terms	pathway
GO:0051082	0	0	GO_terms	pathway
GO:0051085	0	0	GO_terms	pathway
GO:0051087	0	0	GO_terms	pathway
GO:0051117	0	0	GO_terms	pathway
GO:0051119	0	0	GO_terms	pathway
GO:0051123	0	0	GO_terms	pathway
GO:0051124	0	0	GO_terms	pathway
GO:0051156	0	0	GO_terms	pathway
GO:0051260	0	0	GO_terms	pathway
GO:0051287	0	0	GO_terms	pathway
GO:0051294	0	0	GO_terms	pathway
GO:0051299	0	0	GO_terms	pathway
GO:0051451	0	0	GO_terms	pathway
GO:0051453	0	0	GO_terms	pathway
GO:0051489	0	0	GO_terms	pathway
GO:0051491	0	0	GO_terms	pathway
GO:0051536	0	0	GO_terms	pathway
GO:0051598	0	0	GO_terms	pathway
GO:0051601	0	0	GO_terms	pathway
GO:0051642	0	0	GO_terms	pathway
GO:0051792	0	0	GO_terms	pathway
GO:0051793	0	0	GO_terms	pathway
GO:0051959	0	0	GO_terms	pathway
GO:0051963	0	0	GO_terms	pathway
GO:0055001	0	0	GO_terms	pathway
GO:0055028	0	0	GO_terms	pathway
GO:0055037	0	0	GO_terms	pathway
GO:0055038	0	0	GO_terms	pathway
GO:0055059	0	0	GO_terms	pathway
GO:0055064	0	0	GO_terms	pathway
GO:0055075	0	0	GO_terms	pathway
GO:0055085	0	0	GO_terms	pathway
GO:0055088	0	0	GO_terms	pathway
GO:0055117	0	0	GO_terms	pathway
GO:0060025	0	0	GO_terms	pathway
GO:0060027	0	0	GO_terms	pathway
GO:0060070	0	0	GO_terms	pathway
GO:0060074	0	0	GO_terms	pathway
GO:0060180	0	0	GO_terms	pathway
GO:0060213	0	0	GO_terms	pathway
GO:0060253	0	0	GO_terms	pathway
GO:0060294	0	0.00180429800416886	GO_terms	pathway
GO:0060296	0	0	GO_terms	pathway
GO:0060326	0	0	GO_terms	pathway
GO:0060439	0	0	GO_terms	pathway
GO:0060586	0	0	GO_terms	pathway
GO:0060628	0	0	GO_terms	pathway
GO:0060810	0	0	GO_terms	pathway
GO:0060857	0	0	GO_terms	pathway
GO:0060914	0	0	GO_terms	pathway
GO:0061014	0	0	GO_terms	pathway
GO:0061025	0	0	GO_terms	pathway
GO:0061077	0	0	GO_terms	pathway
GO:0061174	0	0	GO_terms	pathway
GO:0061343	0	0	GO_terms	pathway
GO:0061575	0	0	GO_terms	pathway
GO:0061608	0	0	GO_terms	pathway
GO:0061609	0	0	GO_terms	pathway
GO:0061621	0	0	GO_terms	pathway
GO:0061630	0	0	GO_terms	pathway
GO:0061631	0	0	GO_terms	pathway
GO:0061700	0	0	GO_terms	pathway
GO:0061724	0	0	GO_terms	pathway
GO:0061883	0	0	GO_terms	pathway
GO:0061909	0	0	GO_terms	pathway
GO:0062130	0	0	GO_terms	pathway
GO:0070006	0	0	GO_terms	pathway
GO:0070059	0	0	GO_terms	pathway
GO:0070085	0	0	GO_terms	pathway
GO:0070125	0	0	GO_terms	pathway
GO:0070180	0	0	GO_terms	pathway
GO:0070300	0	0	GO_terms	pathway
GO:0070371	0	0	GO_terms	pathway
GO:0070373	0	0	GO_terms	pathway
GO:0070449	0	0	GO_terms	pathway
GO:0070534	0	0	GO_terms	pathway
GO:0070588	0	0	GO_terms	pathway
GO:0070593	0	0	GO_terms	pathway
GO:0070628	0	0	GO_terms	pathway
GO:0070725	0	0	GO_terms	pathway
GO:0070732	0	0	GO_terms	pathway
GO:0070822	0	0	GO_terms	pathway
GO:0070847	0	0	GO_terms	pathway
GO:0070855	0	0	GO_terms	pathway
GO:0070864	0	0	GO_terms	pathway
GO:0070936	0	0	GO_terms	pathway
GO:0070979	0	0	GO_terms	pathway
GO:0070983	0	0	GO_terms	pathway
GO:0071004	0	0	GO_terms	pathway
GO:0071011	0.00091330211338793	0.00028353991181648	GO_terms	pathway
GO:0071013	0	0.00054996817119241	GO_terms	pathway
GO:0071162	0	0.0006863420212574	GO_terms	pathway
GO:0071204	0	0	GO_terms	pathway
GO:0071212	0	0	GO_terms	pathway
GO:0071243	0	0	GO_terms	pathway
GO:0071276	0	0	GO_terms	pathway
GO:0071313	0	0	GO_terms	pathway
GO:0071361	0	0	GO_terms	pathway
GO:0071481	0	0	GO_terms	pathway
GO:0071482	0	0	GO_terms	pathway
GO:0071526	0	0	GO_terms	pathway
GO:0071541	0	0	GO_terms	pathway
GO:0071560	0	0	GO_terms	pathway
GO:0071565	0	0	GO_terms	pathway
GO:0071689	0	0	GO_terms	pathway
GO:0071711	0	0	GO_terms	pathway
GO:0071805	0	0	GO_terms	pathway
GO:0071896	0	0	GO_terms	pathway
GO:0071907	0	0	GO_terms	pathway
GO:0071963	0	0	GO_terms	pathway
GO:0072347	0	0	GO_terms	pathway
GO:0072375	0	0.00353552389074106	GO_terms	pathway
GO:0072499	0	0	GO_terms	pathway
GO:0072518	0	0	GO_terms	pathway
GO:0072553	0	0	GO_terms	pathway
GO:0072593	0	0	GO_terms	pathway
GO:0072657	0	0	GO_terms	pathway
GO:0072659	0	0	GO_terms	pathway
GO:0090090	0	0	GO_terms	pathway
GO:0090163	0	0	GO_terms	pathway
GO:0090175	0	0	GO_terms	pathway
GO:0090254	0	0	GO_terms	pathway
GO:0090263	0	0	GO_terms	pathway
GO:0090266	0	0	GO_terms	pathway
GO:0090303	0	0	GO_terms	pathway
GO:0090328	0	0	GO_terms	pathway
GO:0090443	0	0	GO_terms	pathway
GO:0090528	0	0	GO_terms	pathway
GO:0097027	0	0	GO_terms	pathway
GO:0097150	0	0	GO_terms	pathway
GO:0097254	0	0	GO_terms	pathway
GO:0097255	0	0	GO_terms	pathway
GO:0097320	0	0	GO_terms	pathway
GO:0097345	0	0	GO_terms	pathway
GO:0097352	0	0	GO_terms	pathway
GO:0097482	0	0	GO_terms	pathway
GO:0097484	0	0	GO_terms	pathway
GO:0097526	0	0	GO_terms	pathway
GO:0097550	0	0	GO_terms	pathway
GO:0097718	0	0	GO_terms	pathway
GO:0097720	0	0	GO_terms	pathway
GO:0097729	0	0	GO_terms	pathway
GO:0098553	0	0	GO_terms	pathway
GO:0098592	0	0	GO_terms	pathway
GO:0098655	0	0	GO_terms	pathway
GO:0098700	0	0	GO_terms	pathway
GO:0098703	0	0	GO_terms	pathway
GO:0098754	0	0	GO_terms	pathway
GO:0098794	0	0	GO_terms	pathway
GO:0098839	0	0.00099736778763377	GO_terms	pathway
GO:0098978	0	0	GO_terms	pathway
GO:0099054	0	0	GO_terms	pathway
GO:0099503	0	0	GO_terms	pathway
GO:0099523	0	0	GO_terms	pathway
GO:0099524	0	0	GO_terms	pathway
GO:0099525	0	0	GO_terms	pathway
GO:0099617	0	0	GO_terms	pathway
GO:0106037	0	0	GO_terms	pathway
GO:0106300	0	0	GO_terms	pathway
GO:0106389	0	0	GO_terms	pathway
GO:0110069	0	0	GO_terms	pathway
GO:0120020	0	0	GO_terms	pathway
GO:0120176	0	0	GO_terms	pathway
GO:0120177	0	0	GO_terms	pathway
GO:0120293	0	0	GO_terms	pathway
GO:0140255	0	0	GO_terms	pathway
GO:0140293	0	0	GO_terms	pathway
GO:0140297	0	0.00343783610620037	GO_terms	pathway
GO:0140359	0	0	GO_terms	pathway
GO:0140490	0	0	GO_terms	pathway
GO:0140492	0	0	GO_terms	pathway
GO:0140662	0	0	GO_terms	pathway
GO:0140673	0	0	GO_terms	pathway
GO:0140750	0	0	GO_terms	pathway
GO:0140861	0	0	GO_terms	pathway
GO:0140961	0	0	GO_terms	pathway
GO:0140965	0.00078635897233233	0	GO_terms	pathway
GO:0140990	0	0.00228804809481655	GO_terms	pathway
GO:0150013	0	0	GO_terms	pathway
GO:1900006	0	0	GO_terms	pathway
GO:1900037	0	0	GO_terms	pathway
GO:1900073	0	0.00199004482914391	GO_terms	pathway
GO:1900074	0	0	GO_terms	pathway
GO:1900087	0	0	GO_terms	pathway
GO:1900242	0	0	GO_terms	pathway
GO:1900407	0	0	GO_terms	pathway
GO:1901888	0	0	GO_terms	pathway
GO:1902358	0	0	GO_terms	pathway
GO:1902476	0	0	GO_terms	pathway
GO:1902600	0	0.00163611115775109	GO_terms	pathway
GO:1902669	0	0	GO_terms	pathway
GO:1902692	0	0	GO_terms	pathway
GO:1902711	0	0	GO_terms	pathway
GO:1902936	0	0	GO_terms	pathway
GO:1903265	0	0	GO_terms	pathway
GO:1903391	0	0	GO_terms	pathway
GO:1903475	0	0	GO_terms	pathway
GO:1903687	0	0	GO_terms	pathway
GO:1903688	0	0	GO_terms	pathway
GO:1903804	0.00026309259433231	0	GO_terms	pathway
GO:1904115	0	0	GO_terms	pathway
GO:1904262	0	0	GO_terms	pathway
GO:1904263	0	0	GO_terms	pathway
GO:1904293	0	0	GO_terms	pathway
GO:1904315	0	0	GO_terms	pathway
GO:1904677	0	0	GO_terms	pathway
GO:1904801	0	0	GO_terms	pathway
GO:1905761	0	0	GO_terms	pathway
GO:1905786	0	0	GO_terms	pathway
GO:1990130	0	0	GO_terms	pathway
GO:1990182	0	0	GO_terms	pathway
GO:1990547	0	0	GO_terms	pathway
GO:1990573	0	0	GO_terms	pathway
GO:1990709	0	0	GO_terms	pathway
GO:1990726	0	0	GO_terms	pathway
GO:1990756	0	0	GO_terms	pathway
GO:1990757	0	0	GO_terms	pathway
GO:1990904	0	0	GO_terms	pathway
GO:1990907	0	0	GO_terms	pathway
GO:1990909	0	0	GO_terms	pathway
GO:2000059	0	0	GO_terms	pathway
GO:2000147	0	0	GO_terms	pathway
GO:2000252	0	0	GO_terms	pathway
GO:2000331	0	0	GO_terms	pathway
GO:2000435	0	0	GO_terms	pathway
GRL	0	0	gene_group	pathway
GTPASE-U	0	0	gene_group	pathway
GUSTR	0	0	gene_group	pathway
hemocyte_mean_exp	0.00128088998057222	0.00172510206926757	mean_percelltype	Gene_expression
HH-SMON	0	0	signaling_pathway	pathway
HH-SMOP	0	0	signaling_pathway	pathway
HSP10	0	0	gene_group	pathway
HSP70	0	0	gene_group	pathway
HSSF	0	0	gene_group	pathway
Hydrophilic_percent	0.0114641572079923	0.0125650794621777	aa_composition	aa_composition
Hydrophobic_percent	0.00031252912220125	0.00872058275140462	aa_composition	aa_composition
I-SPN	0	0.00015747918510819	gene_group	pathway
IDH-UC	0	0	gene_group	pathway
Ile_percent	0.0440436779084411	0.0400902982732518	aa_composition	aa_composition
IMA	0	0	gene_group	pathway
IMB	0	0	gene_group	pathway
INO80	0	0	gene_group	pathway
INS-C	0	0	signaling_pathway	pathway
INS-N	0	0	signaling_pathway	pathway
INS-P	0	0	signaling_pathway	pathway
INT	0.00111922701974177	0	gene_group	pathway
INTAC	0	0	gene_group	pathway
interneuron_mean_exp	0.00342445390546046	0.00680902850601283	mean_percelltype	Gene_expression
INTOAK	0	0	gene_group	pathway
INTOC	0	0	gene_group	pathway
INX	0	0	gene_group	pathway
IR-ANT	0	0	gene_group	pathway
IR-DIV	0	0	gene_group	pathway
JAKSTAT-C	0	0	signaling_pathway	pathway
JAMM-DUB	0	0	gene_group	pathway
KIF	0	0	gene_group	pathway
Knoblich_mRNA_L3_CNS_neuroblast_(FBlc0000505)	0	0	expression	Gene_expression
Knoblich_mRNA_L3_CNS_neuron_(FBlc0000506)	0.023597934148803	0.00754870895371032	expression	Gene_expression
KV-A	0	0	gene_group	pathway
LAT	0	0	gene_group	pathway
LPL	0	0	gene_group	pathway
LPP	0	0	gene_group	pathway
M67-NPH	0	0	gene_group	pathway
male_germline_cell_mean_exp	0	0.00306004671565594	mean_percelltype	Gene_expression
MALSH	0	0	metabolic_pathway	pathway
MCI-A	0	0	gene_group	pathway
MCI-AF	0	0	gene_group	pathway
MCI-C	0	0	gene_group	pathway
MCI-T	0	0	gene_group	pathway
MCI-U	0	0	gene_group	pathway
MCII-U	0	0	gene_group	pathway
MCIII-U	0	0	gene_group	pathway
MCM2-7	0	0	gene_group	pathway
MCV-CS	0	0	gene_group	pathway
MCV-U	0	0	gene_group	pathway
mE_mRNA_1182-4H_cells_(FBlc0000267)	0	0	expression	Gene_expression
mE_mRNA_A_10d_Resveratrol_100uM_(FBlc0000672)	0.00282616984814877	0.00081385438846179	expression	Gene_expression
mE_mRNA_A_10d_Rotenone_Starved_(FBlc0000673)	0.00486961631019579	0.00479202850476666	expression	Gene_expression
mE_mRNA_A_1d_carcass_(FBlc0000218)	0	0.00015093702684553	expression	Gene_expression
mE_mRNA_A_1d_dig_sys_(FBlc0000219)	0	0.00061364902622525	expression	Gene_expression
mE_mRNA_A_20d_carcass_(FBlc0000220)	0	0.00028163887104021	expression	Gene_expression
mE_mRNA_A_20d_dig_sys_(FBlc0000221)	0.0006089383418806	0.00072685841560604	expression	Gene_expression
mE_mRNA_A_4d_Caffeine_2.5mg/ml_(FBlc0000244)	0	0.00027898959542415	expression	Gene_expression
mE_mRNA_A_4d_Caffeine_25mg/ml_(FBlc0000243)	0	0	expression	Gene_expression
mE_mRNA_A_4d_carcass_(FBlc0000222)	0	0.00040831307078333	expression	Gene_expression
mE_mRNA_A_4d_Cd_0.05M_(FBlc0000247)	0.00033461568850879	0	expression	Gene_expression
mE_mRNA_A_4d_Cd_0.1M_(FBlc0000246)	0	0.001349457828859	expression	Gene_expression
mE_mRNA_A_4d_Cold1_(FBlc0000237)	0	0	expression	Gene_expression
mE_mRNA_A_4d_Cold2_(FBlc0000238)	0	0	expression	Gene_expression
mE_mRNA_A_4d_Cu_15mM_(FBlc0000241)	0.0012475282290915	0.00820206022123261	expression	Gene_expression
mE_mRNA_A_4d_dig_sys_(FBlc0000223)	0	0.00160571441163663	expression	Gene_expression
mE_mRNA_A_4d_Heatshock_(FBlc0000257)	0.00168093365139254	0	expression	Gene_expression
mE_mRNA_A_4d_Paraquat_10mM_(FBlc0000251)	0.00082507088078008	0.00070984432920387	expression	Gene_expression
mE_mRNA_A_4d_Paraquat_5mM_(FBlc0000250)	0.00174543028811375	0.0026679094038317	expression	Gene_expression
mE_mRNA_A_4d_Zn_4.5mM_(FBlc0000242)	0	0.00194652362250169	expression	Gene_expression
mE_mRNA_A_MateF_1d_head_(FBlc0000207)	0.00110412695543686	0.00025601449604497	expression	Gene_expression
mE_mRNA_A_MateF_20d_head_(FBlc0000212)	0.00029014748090503	0.0002686323742293	expression	Gene_expression
mE_mRNA_A_MateF_4d_head_(FBlc0000213)	1.85866889175252e-05	0	expression	Gene_expression
mE_mRNA_A_MateF_4d_ovary_(FBlc0000208)	0	0	expression	Gene_expression
mE_mRNA_A_MateM_1d_head_(FBlc0000209)	0	0	expression	Gene_expression
mE_mRNA_A_MateM_20d_head_(FBlc0000214)	0.00154391586265616	0.00099506215290628	expression	Gene_expression
mE_mRNA_A_MateM_4d_acc_gland_(FBlc0000215)	0	0.00048320516409696	expression	Gene_expression
mE_mRNA_A_MateM_4d_head_(FBlc0000216)	0.00119570905810766	0.001600199222204	expression	Gene_expression
mE_mRNA_A_MateM_4d_testis_(FBlc0000217)	0.0001538838349104	0.00089116021848501	expression	Gene_expression
mE_mRNA_A_VirF_1d_head_(FBlc0000210)	0	0	expression	Gene_expression
mE_mRNA_A_VirF_20d_head_(FBlc0000231)	0.00048334229322546	0.00024569869299325	expression	Gene_expression
mE_mRNA_A_VirF_4d_head_(FBlc0000211)	0.00017249091722122	0.0008322915357557	expression	Gene_expression
mE_mRNA_A_VirF_4d_ovary_(FBlc0000232)	0	0.00094854332172384	expression	Gene_expression
mE_mRNA_AdF_Ecl_1days_(FBlc0000110)	0	0	expression	Gene_expression
mE_mRNA_AdF_Ecl_30days_(FBlc0000112)	0	0	expression	Gene_expression
mE_mRNA_AdF_Ecl_5days_(FBlc0000111)	0.00027532507642797	0.00091739570107002	expression	Gene_expression
mE_mRNA_AdM_Ecl_1days_(FBlc0000113)	0.00063841930662484	0.00172319555482857	expression	Gene_expression
mE_mRNA_AdM_Ecl_30days_(FBlc0000115)	0.00328206412240142	0.00075407657491932	expression	Gene_expression
mE_mRNA_AdM_Ecl_5days_(FBlc0000114)	0.00522665644084388	0.00443858556609262	expression	Gene_expression
mE_mRNA_BG1-c1_cells_(FBlc0000270)	0	0	expression	Gene_expression
mE_mRNA_BG2-c2_cells_(FBlc0000264)	0.00062605840485903	0.00029552094819712	expression	Gene_expression
mE_mRNA_CME_L1_cells_(FBlc0000268)	0	0.00337493501384756	expression	Gene_expression
mE_mRNA_CME-W2_cells_(FBlc0000261)	0.00040231247530369	0.00256612521695082	expression	Gene_expression
mE_mRNA_D11_cells_(FBlc0000271)	0.00025093701776968	0.00534290792081734	expression	Gene_expression
mE_mRNA_D16-c3_cells_(FBlc0000272)	0	0	expression	Gene_expression
mE_mRNA_D17-c3_cells_(FBlc0000273)	0	0	expression	Gene_expression
mE_mRNA_D20-c5_cells_(FBlc0000265)	0	0	expression	Gene_expression
mE_mRNA_D21_cells_(FBlc0000274)	0.00020068421708722	0	expression	Gene_expression
mE_mRNA_D32_cells_(FBlc0000275)	0	0.00015831818676023	expression	Gene_expression
mE_mRNA_D4-c1_cells_(FBlc0000276)	0	0	expression	Gene_expression
mE_mRNA_D8_cells_(FBlc0000277)	0	0.00068526027009099	expression	Gene_expression
mE_mRNA_D9_cells_(FBlc0000278)	0.00031094454825735	0	expression	Gene_expression
mE_mRNA_em0-2hr_(FBlc0000086)	0	0.00081060467832693	expression	Gene_expression
mE_mRNA_em10-12hr_(FBlc0000091)	0.00551528699724863	0.00232866810594349	expression	Gene_expression
mE_mRNA_em12-14hr_(FBlc0000092)	0	0.00450759653447964	expression	Gene_expression
mE_mRNA_em14-16hr_(FBlc0000093)	0.0176290391256732	0.00731593277851461	expression	Gene_expression
mE_mRNA_em16-18hr_(FBlc0000094)	0.00591628750758255	0.00393272983246588	expression	Gene_expression
mE_mRNA_em18-20hr_(FBlc0000095)	0	0.00436116802306971	expression	Gene_expression
mE_mRNA_em2-4hr_(FBlc0000087)	0.00083965968327217	0	expression	Gene_expression
mE_mRNA_em20-22hr_(FBlc0000096)	0.00014990340792647	0.00042273776046862	expression	Gene_expression
mE_mRNA_em22-24hr_(FBlc0000097)	0.00467411283491214	0.00144921350375743	expression	Gene_expression
mE_mRNA_em4-6hr_(FBlc0000088)	0.00698424509377436	0.00226599777589794	expression	Gene_expression
mE_mRNA_em6-8hr_(FBlc0000089)	0	0.00057978502902102	expression	Gene_expression
mE_mRNA_em8-10hr_(FBlc0000090)	0.00301498999263989	0.00300119131141533	expression	Gene_expression
mE_mRNA_F_Sindbis_virus_(FBlc0000674)	0	0.00296767224638129	expression	Gene_expression
mE_mRNA_fGS_cells_(FBlc0000284)	0	0	expression	Gene_expression
mE_mRNA_GM2_cells_(FBlc0000262)	0	0.00120630499034327	expression	Gene_expression
mE_mRNA_Kc167_cells_(FBlc0000269)	0	0	expression	Gene_expression
mE_mRNA_L_Sindbis_virus_(FBlc0000675)	0.00422954041496596	0	expression	Gene_expression
mE_mRNA_L1_(FBlc0000098)	0	0.00260002830684858	expression	Gene_expression
mE_mRNA_L2_(FBlc0000099)	0.00258614451422458	0.00953121385815218	expression	Gene_expression
mE_mRNA_L3_12hr_(FBlc0000100)	0	0.00233635975623408	expression	Gene_expression
mE_mRNA_L3_Caffeine_1.5mg/ml_(FBlc0000245)	0.00021300074104657	0	expression	Gene_expression
mE_mRNA_L3_Cd_12h_(FBlc0000248)	0	0	expression	Gene_expression
mE_mRNA_L3_Cd_6hr_(FBlc0000249)	0	0	expression	Gene_expression
mE_mRNA_L3_CNS_(FBlc0000225)	0.00015549778836773	0.00278216613686641	expression	Gene_expression
mE_mRNA_L3_Cu_0.5mM_(FBlc0000239)	0	0.00111121926393555	expression	Gene_expression
mE_mRNA_L3_EtOH_10_(FBlc0000254)	0	0	expression	Gene_expression
mE_mRNA_L3_EtOH_2.5_(FBlc0000256)	0.00063337495501286	0.00365540088696374	expression	Gene_expression
mE_mRNA_L3_EtOH_5_(FBlc0000255)	0	0.00312024032187505	expression	Gene_expression
mE_mRNA_L3_late_Zn_5mM_(FBlc0000240)	0.00020694346471648	0	expression	Gene_expression
mE_mRNA_L3_PS1-2_(FBlc0000101)	0	0.00323098602594542	expression	Gene_expression
mE_mRNA_L3_PS3-6_(FBlc0000102)	0	0	expression	Gene_expression
mE_mRNA_L3_PS7-9_(FBlc0000103)	0	0	expression	Gene_expression
mE_mRNA_L3_Rotenone_2ug_(FBlc0000253)	0	0.00047857679944483	expression	Gene_expression
mE_mRNA_L3_Rotenone_8ug_(FBlc0000252)	0	0	expression	Gene_expression
mE_mRNA_L3_Wand_carcass_(FBlc0000226)	0	0.00185427246490663	expression	Gene_expression
mE_mRNA_L3_Wand_dig_sys_(FBlc0000227)	0.00067998089646201	0	expression	Gene_expression
mE_mRNA_L3_Wand_fat_(FBlc0000228)	0.00537393170216785	0.00239567669080283	expression	Gene_expression
mE_mRNA_L3_Wand_imag_disc_(FBlc0000229)	0.0123885813612849	0.00640162381184278	expression	Gene_expression
mE_mRNA_L3_Wand_saliv_(FBlc0000230)	0	0	expression	Gene_expression
mE_mRNA_M_Sindbis_virus_(FBlc0000676)	0.00374139758238002	0.00123466098586823	expression	Gene_expression
mE_mRNA_mbn2_cells_(FBlc0000263)	0.00083038243055342	0.00289452963395083	expression	Gene_expression
mE_mRNA_OSC_cells_(FBlc0000283)	5.12553780067805e-05	0	expression	Gene_expression
mE_mRNA_OSS_cells_(FBlc0000282)	0	0.00066375380355963	expression	Gene_expression
mE_mRNA_P_Sindbis_virus_(FBlc0000677)	0	0.00331975971647058	expression	Gene_expression
mE_mRNA_P15_(FBlc0000109)	0.0046652331826564	0.00401870505756927	expression	Gene_expression
mE_mRNA_P5_(FBlc0000105)	0.00036499729360746	0.00585843699454617	expression	Gene_expression
mE_mRNA_P6_(FBlc0000106)	0.00010889108129143	0.00821032206948336	expression	Gene_expression
mE_mRNA_P8_(FBlc0000107)	0.00103433252737644	0.00171870619149889	expression	Gene_expression
mE_mRNA_P8_CNS_(FBlc0000224)	0.0284631433377202	0.00885257687994678	expression	Gene_expression
mE_mRNA_P8_fat_(FBlc0000235)	0.00028459907237452	0.00280253680124029	expression	Gene_expression
mE_mRNA_P9-10_(FBlc0000108)	0.0132489213680533	0.00496413456226304	expression	Gene_expression
mE_mRNA_S1_cells_(FBlc0000279)	0.00097351676887394	0.00053013851952898	expression	Gene_expression
mE_mRNA_S2R+_cells_(FBlc0000280)	0	0	expression	Gene_expression
mE_mRNA_S3_cells_(FBlc0000266)	0.0030528851426151	0	expression	Gene_expression
mE_mRNA_Sg4_cells_(FBlc0000281)	0	0	expression	Gene_expression
mE_mRNA_WPP_(FBlc0000104)	0	0.00170027375224057	expression	Gene_expression
mE_mRNA_WPP_fat_(FBlc0000233)	0.00048840155742594	0	expression	Gene_expression
mE_mRNA_WPP_saliv_(FBlc0000234)	0	0	expression	Gene_expression
MED	0	0	gene_group	pathway
MEN	0	0	gene_group	pathway
Met_percent	0.0270274261351606	0.0307098903368669	aa_composition	aa_composition
MLC-CAM	0	0	gene_group	pathway
motor_neuron_mean_exp	0.0026918679903098	0.0102542619874252	mean_percelltype	Gene_expression
MRPS	0	0	gene_group	pathway
MTH	0	0	gene_group	pathway
MTN	0	0	gene_group	pathway
MUCS	0	0	gene_group	pathway
muscle_cell_mean_exp	0.00290967790830522	0.0110987554372796	mean_percelltype	Gene_expression
MYO-M	0	0	gene_group	pathway
N-SPN	0	0	gene_group	pathway
NAAAT-U	0.00396851937343974	0	gene_group	pathway
NACHR	0	0.00338739367586733	gene_group	pathway
NAMAA	0	0	gene_group	pathway
NAV-B	0	0	gene_group	pathway
NCBAP	0	0	gene_group	pathway
NELF	0	0	gene_group	pathway
nephrocyte_mean_exp	0.0045470989933316	0.00720724957113015	mean_percelltype	Gene_expression
NEPL	0	0	gene_group	pathway
neuron_mean_exp	0.00712451130137662	0.0014997086252363	mean_percelltype	Gene_expression
Nonpolar_percent	0.00483378359977814	0.00118743335535765	aa_composition	aa_composition
NPR	0	0	gene_group	pathway
NTCH-C	0	0	signaling_pathway	pathway
NTCH-P	0	0	signaling_pathway	pathway
NURD	0	0	gene_group	pathway
OBP	0	0	gene_group	pathway
oenocyte_mean_exp	0.00169710230265201	0.00029404724592627	mean_percelltype	Gene_expression
OGDH-C	0	0	gene_group	pathway
OSTA	0	0	gene_group	pathway
OSTB	0	0	gene_group	pathway
OXRCHNH2NAD	0	0	gene_group	pathway
OXRNAD-U	0	0	gene_group	pathway
OXRPMO2O-U	0	0	gene_group	pathway
OXRPMOP	0	0	gene_group	pathway
PBAP	0	0	gene_group	pathway
PCSN	0	0	gene_group	pathway
PDC-S	0	0	gene_group	pathway
PDC-T	0	0	gene_group	pathway
Phe_percent	0.0259888589954436	0.0085023941530695	aa_composition	aa_composition
PKA	0	0	gene_group	pathway
PLC	0	0	gene_group	pathway
PMETH-U	0	0	gene_group	pathway
Polar_percent	0	0.00997503172224999	aa_composition	aa_composition
PPDOX	0.00505496456982532	0.00348326172466375	gene_group	pathway
PPP	0	0	gene_group	pathway
PRC2	0	0	gene_group	pathway
PRC2-JJ	0	0	gene_group	pathway
Pro_percent	0.0367381768742442	0.0141976194055503	aa_composition	aa_composition
prop_exp_epidermal_cell	0	0	prop_percelltype	Gene_expression
prop_exp_epithelial_cell	0	0	prop_percelltype	Gene_expression
prop_exp_fat_cell	0	0	prop_percelltype	Gene_expression
prop_exp_female_germline_cell	0	0	prop_percelltype	Gene_expression
prop_exp_glial_cell	0.00529428385267726	0.00301111521050009	prop_percelltype	Gene_expression
prop_exp_hemocyte	0.00074462182533263	0.00035092033435519	prop_percelltype	Gene_expression
prop_exp_interneuron	0.0017480626342383	0.00946592576890353	prop_percelltype	Gene_expression
prop_exp_male_germline_cell	0.00043719684793824	0.00022984192500505	prop_percelltype	Gene_expression
prop_exp_motor_neuron	0	0.00454797508166018	prop_percelltype	Gene_expression
prop_exp_muscle_cell	0.00055839091758666	0.00154022016299483	prop_percelltype	Gene_expression
prop_exp_nephrocyte	0.00040597420713004	0.00348257257452781	prop_percelltype	Gene_expression
prop_exp_neuron	0.00238208656110536	0.00050752285352666	prop_percelltype	Gene_expression
prop_exp_oenocyte	0.00060548484921149	0.00112649198853047	prop_percelltype	Gene_expression
prop_exp_semen-secreting_cell_of_the_male_reproductive_system	0.00063737203153047	0	prop_percelltype	Gene_expression
prop_exp_sensory_neuron	0.00033133131944871	0	prop_percelltype	Gene_expression
prop_exp_sensory_organ_cell	0.0010839578794694	0.00037870604050181	prop_percelltype	Gene_expression
prop_exp_somatic_cell_of_ovariole	0	0	prop_percelltype	Gene_expression
prop_exp_somatic_cell_of_testis	0.00019228095061358	0	prop_percelltype	Gene_expression
prop_exp_somatic_precursor_cell	0	0.00736722393510718	prop_percelltype	Gene_expression
prop_exp_specialized_Malpighian_tubule_cell	0	0.00675451233933131	prop_percelltype	Gene_expression
prop_exp_tendon_cell	0.00020206347154157	0.00295140335516488	prop_percelltype	Gene_expression
prop_exp_tracheocyte	0.00024802749747629	0.00385406905272743	prop_percelltype	Gene_expression
PROT	0	0	gene_group	pathway
PSM26S	0	0	gene_group	pathway
PSM26S-T	0	0	gene_group	pathway
PTA	0	0	gene_group	pathway
PVR-C	0	0	signaling_pathway	pathway
PVR-N	0	0	signaling_pathway	pathway
PYDH	0	0	gene_group	pathway
QB-SNARE	0	0	gene_group	pathway
RAB	0	0	gene_group	pathway
RABGAP	0	0	gene_group	pathway
RABGEF-DENN	0	0	gene_group	pathway
RAS	0	0	gene_group	pathway
RASGAP-D	0	0	gene_group	pathway
recombination_rate	0.0815512108001396	0.0101246948655109	gene_structure	gene_structure
RETRO	0	0	gene_group	pathway
RH	0	0	gene_group	pathway
RHO	0	0	gene_group	pathway
RNA-Seq_Profile_FlyAtlas2_Adult_Female_Brain_(FBlc0003619)	0	0.00055217809116842	expression	Gene_expression
RNA-Seq_Profile_FlyAtlas2_Adult_Female_Carcass_(FBlc0003621)	0	0	expression	Gene_expression
RNA-Seq_Profile_FlyAtlas2_Adult_Female_Crop_(FBlc0003620)	0	0.00028969018325309	expression	Gene_expression
RNA-Seq_Profile_FlyAtlas2_Adult_Female_Eye_(FBlc0003622)	0.00158307885690828	0.00458288909649971	expression	Gene_expression
RNA-Seq_Profile_FlyAtlas2_Adult_Female_FatBody_(FBlc0003623)	0.0006501863988298	0.00018237602005112	expression	Gene_expression
RNA-Seq_Profile_FlyAtlas2_Adult_Female_Head_(FBlc0003624)	0	0	expression	Gene_expression
RNA-Seq_Profile_FlyAtlas2_Adult_Female_Heart_(FBlc0003724)	0	0.00018747719946137	expression	Gene_expression
RNA-Seq_Profile_FlyAtlas2_Adult_Female_Hindgut_(FBlc0003625)	0.00070821815132545	0	expression	Gene_expression
RNA-Seq_Profile_FlyAtlas2_Adult_Female_MalpighianTubule_(FBlc0003631)	0	0.00116071801881569	expression	Gene_expression
RNA-Seq_Profile_FlyAtlas2_Adult_Female_Mated_Spermathecum_(FBlc0003632)	0	0	expression	Gene_expression
RNA-Seq_Profile_FlyAtlas2_Adult_Female_Midgut_(FBlc0003626)	6.02584562152981e-05	0	expression	Gene_expression
RNA-Seq_Profile_FlyAtlas2_Adult_Female_Ovary_(FBlc0003627)	0.00353846346707007	0.00311778581266312	expression	Gene_expression
RNA-Seq_Profile_FlyAtlas2_Adult_Female_RectalPad_(FBlc0003628)	0.0001248597553105	0	expression	Gene_expression
RNA-Seq_Profile_FlyAtlas2_Adult_Female_SalivaryGland_(FBlc0003629)	0	0.0012919548535491	expression	Gene_expression
RNA-Seq_Profile_FlyAtlas2_Adult_Female_ThoracicoAbdominalGanglion_(FBlc0003630)	0	0	expression	Gene_expression
RNA-Seq_Profile_FlyAtlas2_Adult_Female_Virgin_Spermathecum_(FBlc0003633)	0	0	expression	Gene_expression
RNA-Seq_Profile_FlyAtlas2_Adult_Female_Whole_(FBlc0003634)	0	0	expression	Gene_expression
RNA-Seq_Profile_FlyAtlas2_Adult_Male_AccessoryGland_(FBlc0003648)	0.00014064427885933	0	expression	Gene_expression
RNA-Seq_Profile_FlyAtlas2_Adult_Male_Brain_(FBlc0003635)	0.028432168074472	0.00352019514395087	expression	Gene_expression
RNA-Seq_Profile_FlyAtlas2_Adult_Male_Carcass_(FBlc0003637)	0	0.00063360077827756	expression	Gene_expression
RNA-Seq_Profile_FlyAtlas2_Adult_Male_Crop_(FBlc0003636)	0	0	expression	Gene_expression
RNA-Seq_Profile_FlyAtlas2_Adult_Male_Eye_(FBlc0003638)	0.00035138453431671	0.00154772960545193	expression	Gene_expression
RNA-Seq_Profile_FlyAtlas2_Adult_Male_FatBody_(FBlc0003639)	0	0	expression	Gene_expression
RNA-Seq_Profile_FlyAtlas2_Adult_Male_Head_(FBlc0003640)	0	0	expression	Gene_expression
RNA-Seq_Profile_FlyAtlas2_Adult_Male_Heart_(FBlc0003725)	0.00207594686600324	0	expression	Gene_expression
RNA-Seq_Profile_FlyAtlas2_Adult_Male_Hindgut_(FBlc0003641)	0	0	expression	Gene_expression
RNA-Seq_Profile_FlyAtlas2_Adult_Male_MalpighianTubule_(FBlc0003646)	0	0	expression	Gene_expression
RNA-Seq_Profile_FlyAtlas2_Adult_Male_Midgut_(FBlc0003642)	0	0	expression	Gene_expression
RNA-Seq_Profile_FlyAtlas2_Adult_Male_RectalPad_(FBlc0003643)	0	0	expression	Gene_expression
RNA-Seq_Profile_FlyAtlas2_Adult_Male_SalivaryGland_(FBlc0003644)	0.00051565469572116	0.00429248572013284	expression	Gene_expression
RNA-Seq_Profile_FlyAtlas2_Adult_Male_Testis_(FBlc0003647)	0.00260680176891768	0.00162691917536337	expression	Gene_expression
RNA-Seq_Profile_FlyAtlas2_Adult_Male_ThoracicoAbdominalGanglion_(FBlc0003645)	0.0002119863879196	0	expression	Gene_expression
RNA-Seq_Profile_FlyAtlas2_Adult_Male_Whole_(FBlc0003649)	0	0	expression	Gene_expression
RNA-Seq_Profile_FlyAtlas2_L3_Carcass_(FBlc0003657)	0	0.00014090820255996	expression	Gene_expression
RNA-Seq_Profile_FlyAtlas2_L3_CNS_(FBlc0003650)	0.0196477062650206	0.0226537728651882	expression	Gene_expression
RNA-Seq_Profile_FlyAtlas2_L3_FatBody_(FBlc0003651)	0.00355769357561656	0.00729458485393884	expression	Gene_expression
RNA-Seq_Profile_FlyAtlas2_L3_Garland_Organ_(FBlc0006089)	0	0	expression	Gene_expression
RNA-Seq_Profile_FlyAtlas2_L3_Hindgut_(FBlc0003652)	0.00011183978569666	0.00137134392075479	expression	Gene_expression
RNA-Seq_Profile_FlyAtlas2_L3_MalpighianTubule_(FBlc0003653)	0	0.0019915329911976	expression	Gene_expression
RNA-Seq_Profile_FlyAtlas2_L3_Midgut_(FBlc0003654)	0	0	expression	Gene_expression
RNA-Seq_Profile_FlyAtlas2_L3_SalivaryGland_(FBlc0003655)	0.00209515997077066	0.00090247128540382	expression	Gene_expression
RNA-Seq_Profile_FlyAtlas2_L3_Trachea_(FBlc0003656)	0.00083938789706156	0	expression	Gene_expression
RNA-Seq_Profile_FlyAtlas2_L3_Whole_(FBlc0003658)	0	0.00041618353500796	expression	Gene_expression
RNAMT-U	0	0	gene_group	pathway
RNAPI	0	0	gene_group	pathway
RNAPII	0	0	gene_group	pathway
RNAPIII	0	0	gene_group	pathway
RNAPOL-C	0	0	gene_group	pathway
RPL	0	0	gene_group	pathway
RPN	0	0	gene_group	pathway
RPS	0	0	gene_group	pathway
RPT	0	0	gene_group	pathway
S-LAP	0	0	gene_group	pathway
S1A-NPH	0	0	gene_group	pathway
S26P	0	0	gene_group	pathway
SAGA	0	0	gene_group	pathway
SCAV-C	0	0	gene_group	pathway
SCF-SLMB	0	0	gene_group	pathway
SEC61T-CG8860	0	0	gene_group	pathway
SEC61T-G2	0	0	gene_group	pathway
SEMA	0	0	gene_group	pathway
semen-secreting_cell_of_the_male_reproductive_system_mean_exp	0.00015009400337748	0.00016752107076433	mean_percelltype	Gene_expression
sensory_neuron_mean_exp	0.00945786694573537	0.00456002310470247	mean_percelltype	Gene_expression
sensory_organ_cell_mean_exp	0.00185293446439298	0.0074508925266682	mean_percelltype	Gene_expression
SEPT-C12P	0	0	gene_group	pathway
Ser_percent	0.0243813434796939	0.0135176175406677	aa_composition	aa_composition
SEVL-N	0	0	signaling_pathway	pathway
SLC12	0	0	gene_group	pathway
SLC13	0	0	gene_group	pathway
SLC16	0	0	gene_group	pathway
SLC17	0	0	gene_group	pathway
SLC22	0	0	gene_group	pathway
SLC25	0	0.00304274109672021	gene_group	pathway
SLC26	0	0	gene_group	pathway
SLC35	0	0	gene_group	pathway
SLC36	0	0	gene_group	pathway
SLC6	0	0	gene_group	pathway
SLP-C-P	0	0	gene_group	pathway
SM	0	0	gene_group	pathway
somatic_cell_of_ovariole_mean_exp	0.00030439276249355	0.0004194894444608	mean_percelltype	Gene_expression
somatic_cell_of_testis_mean_exp	0.00230812145914176	0.0162311093565459	mean_percelltype	Gene_expression
somatic_precursor_cell_mean_exp	0.00148825647158845	0.00224512895107923	mean_percelltype	Gene_expression
SP-T	0	0	gene_group	pathway
specialized_Malpighian_tubule_cell_mean_exp	0	0.00183083997758497	mean_percelltype	Gene_expression
SPL-C-A	0	0	gene_group	pathway
SPL-C-B	0.00022729383433645	0.00617249883822912	gene_group	pathway
SPL-C-C	0	0	gene_group	pathway
SR-C	0	0	gene_group	pathway
SRP	0	0	gene_group	pathway
STE7-MAPKK	0	0	gene_group	pathway
STP-U	0	0	gene_group	pathway
STRIPAK	0	0	gene_group	pathway
SUCL	0	0	gene_group	pathway
SUCLAC	0	0	gene_group	pathway
SUCT	0	0	gene_group	pathway
SWH-C	0	0	signaling_pathway	pathway
SWH-N	0	0	signaling_pathway	pathway
SWH-P	0	0	signaling_pathway	pathway
SWR1	0	0	gene_group	pathway
T-TAF	0	0	gene_group	pathway
TA	0	0	gene_group	pathway
TAGLN	0	0	gene_group	pathway
tendon_cell_mean_exp	0	0.0010537465594661	mean_percelltype	Gene_expression
TFIID	0	0	gene_group	pathway
TFIIE	0	0	gene_group	pathway
TFIIH-C	0	0	gene_group	pathway
Thr_percent	0.00743559793346328	0.00018875578536793	aa_composition	aa_composition
threeUTR_GC_content	0.00068854452754155	0.00218506444177412	gene_structure	gene_structure
threeUTR_length	0.0151133517640837	0.0127205102175704	gene_structure	gene_structure
TIM813-U	0	0	gene_group	pathway
TIMM22	0	0	gene_group	pathway
TIP60	0	0	gene_group	pathway
TL-NFN	0	0	signaling_pathway	pathway
TL-NFP	0	0	signaling_pathway	pathway
TLNF-CEF	0	0	gene_group	pathway
TLNF-CIF	0	0	gene_group	pathway
TLNF-CRF	0	0	gene_group	pathway
TLNF-CRRF	0	0	gene_group	pathway
TLNF-MEF	0	0	gene_group	pathway
TM9SF	0	0	gene_group	pathway
TMEM135	0	0	gene_group	pathway
TMR-U	0	0	gene_group	pathway
TNF-C	0	0	signaling_pathway	pathway
TNF-P	0	0	signaling_pathway	pathway
TOMM	0	0	gene_group	pathway
TORC	0	0	gene_group	pathway
TORC2	0	0	gene_group	pathway
TORS-N	0	0	signaling_pathway	pathway
TORS-P	0	0	signaling_pathway	pathway
TOT	0	0	gene_group	pathway
Total_aas	0	0	aa_composition	aa_composition
TPNC	0	0	gene_group	pathway
tracheocyte_mean_exp	0.00016753735527639	0.0127641567870874	mean_percelltype	Gene_expression
TRAF	0	0	gene_group	pathway
transcript_count	0.00045038616970652	0.00803530819436826	gene_structure	gene_structure
transcript_GC_content	0.00279620307583759	0.0146166244802609	gene_structure	gene_structure
transcript_length	0.00868694145690406	0.00806716302595957	gene_structure	gene_structure
TRFC	0	0	gene_group	pathway
TRGTP	0	0	gene_group	pathway
TRP	0	0.00597890972867933	gene_group	pathway
Trp_percent	0.00412185729905202	0.0100878009820812	aa_composition	aa_composition
TWS-PP2A	0	0	gene_group	pathway
Tyr_percent	0.0123829079355541	0	aa_composition	aa_composition
U1	0	0	gene_group	pathway
U2	0	0	gene_group	pathway
U2AF	0	0	gene_group	pathway
U4-U6	0	0	gene_group	pathway
U4-U6-U5	0	0	gene_group	pathway
U5	0	0	gene_group	pathway
U7	0	0	gene_group	pathway
U7-SM	0	0	gene_group	pathway
UB	0	0	gene_group	pathway
UDPGLAB	0	0	metabolic_pathway	pathway
UGT	0	0	gene_group	pathway
USP-DUB	0	0	gene_group	pathway
Val_percent	0.00013256270720188	0.00034344077421132	aa_composition	aa_composition
VCB	0	0	gene_group	pathway
VHA-V0	0	0	gene_group	pathway
VHA-V1-CAT	0	0	gene_group	pathway
VHA-V1-NONCAT	0	0	gene_group	pathway
WDB-PP2A	0	0	gene_group	pathway
WNT-E	0	0	gene_group	pathway
WNT-TCFC	0	0	signaling_pathway	pathway
WNT-TCFN	0	0	signaling_pathway	pathway
WNT-TCFP	0	0	signaling_pathway	pathway
WRC	0	0	gene_group	pathway
ZF-C2H2	0	0.00092586896525852	gene_group	pathway
