feature	param0_importance	param1_importance
CDS_GC_content	0.10895173489124955	0.03448873172304531
CDS_length	0.014533440370047983	0.07754706187031889
exon_count	0.025662396990385115	0.004490992538545969
transcript_count	0.00045038616970652725	0.008035308194368266
threeUTR_GC_content	0.0006885445275415569	0.0021850644417741216
threeUTR_length	0.01511335176408369	0.012720510217570433
fiveUTR_GC_content	0.0021500162875227155	0.01129631663189011
fiveUTR_length	0.025343461997241936	0.022098797835279044
transcript_GC_content	0.0027962030758375968	0.014616624480260887
transcript_length	0.008686941456904062	0.008067163025959579
recombination_rate	0.08155121080013962	0.010124694865510923
Total_aas	0.0	0.0
Hydrophilic_percent	0.011464157207992294	0.012565079462177749
Hydrophobic_percent	0.0003125291222012502	0.008720582751404622
Amphipathic_percent	0.021194284161851033	0.007315536072237092
Polar_percent	0.0	0.009975031722249998
Nonpolar_percent	0.004833783599778149	0.001187433355357651
Charged_percent	0.0006345701018492413	0.009972324567507154
Ala_percent	0.030577664122161702	0.002483427977692675
Asn_percent	0.007717652549710423	0.010525250476350934
Asp_percent	0.002677449602708349	0.01459167419997225
Cys_percent	0.0053691355737339325	0.012237888644195057
Gln_percent	0.01654416373348386	0.0020404626151389878
Glu_percent	0.004433217154328622	0.008444411895166204
Gly_percent	0.00012546951448467956	0.003113519572510143
Ile_percent	0.044043677908441145	0.040090298273251807
Met_percent	0.027027426135160588	0.030709890336866868
Phe_percent	0.025988858995443558	0.008502394153069503
Pro_percent	0.03673817687424418	0.014197619405550263
Ser_percent	0.02438134347969393	0.013517617540667694
Thr_percent	0.007435597933463289	0.0001887557853679359
Trp_percent	0.004121857299052025	0.010087800982081186
Tyr_percent	0.012382907935554147	0.0
Val_percent	0.00013256270720188166	0.0003434407742113264
GO:0048149	0.0	0.0
GO:0003674	0.0	0.002795145368209115
GO:0005575	0.0	0.0
GO:0008150	0.0	0.0
GO:0005525	0.0	0.0008274445674124752
GO:0003924	0.0	0.0
GO:0002181	0.0	0.0
GO:0005737	0.00012914147371847343	0.0
GO:0005634	0.003063305773776328	0.000753979820217152
GO:0007088	0.0	0.0
GO:0045172	0.0	0.0
GO:0008103	0.0	0.0
GO:0007294	0.0	0.0
GO:0048190	0.0	0.0
GO:0005515	0.0	0.0
GO:0040008	0.0	0.0
GO:0008340	0.0	0.0
GO:0046982	0.0003399747814426299	0.004646289377751729
GO:0001223	0.0	0.0
GO:0035332	0.0	0.0
GO:0005886	0.0	0.0
GO:0008354	0.0	0.0
GO:0007411	0.0	0.0
GO:0005654	0.0	0.0
GO:0005813	0.0	0.0
GO:0150013	0.0	0.0
GO:0051012	0.0	0.0
GO:0007460	0.0	0.0
GO:0005739	0.0	0.0
GO:0007346	0.0	0.0
GO:0007165	0.0	0.0
GO:0008104	0.0	0.0
GO:0120176	0.0	0.0
GO:0007059	0.0	0.0
GO:0007611	0.0	0.0
GO:0006457	0.0	0.0
GO:0050821	0.0	0.0
GO:0040040	0.0	0.0
GO:0042803	0.0	0.0
GO:0003735	0.0	0.0
GO:0005840	0.0	0.0
GO:0004888	0.0	0.0020938819138031886
GO:0007155	0.0	0.0
GO:0006955	0.0	0.0
GO:0007419	0.0	0.0
GO:0048477	0.0	0.0
GO:0001745	0.0	0.0
GO:0016319	0.0	0.0
GO:0007474	0.0	0.0
GO:0035149	0.0	0.0004710699509782054
GO:0007430	0.0	0.0
GO:0007614	0.0	0.000388826968590322
GO:0007298	0.0	0.0
GO:0008587	0.0	0.0
GO:0035220	0.0	0.0
GO:0007293	0.0	0.0
GO:0005829	0.0	0.0
GO:0003729	0.0	0.0
GO:0016020	0.0	0.0007936285076094044
GO:0004930	0.0	0.0
GO:0007186	0.0	0.0
GO:0045187	0.0	0.0
GO:0007615	0.0	0.0
GO:0007268	0.0	0.0
GO:0009649	0.0	0.0
GO:0060180	0.0	0.0
GO:0007619	0.0	0.0
GO:0046856	0.0	0.0
GO:0046488	0.0	0.0
GO:0022625	0.0	0.0
GO:0006412	0.0	0.0
GO:0022626	0.0	0.0
GO:0030141	0.0	0.0
GO:0030234	0.0	0.0
GO:0006614	0.0	0.0
GO:0005786	0.0	0.0
GO:0016747	0.0	0.0
GO:0004059	0.0	0.0
GO:0140359	0.0	0.0
GO:0005524	0.004131726604388721	0.0021416734344204403
GO:0016887	0.00041855949478686365	0.0010753744864591694
GO:0055085	0.0	0.0
GO:0042626	0.0	0.0
GO:0005743	0.0	0.0
GO:0006879	0.0	0.0
GO:0007283	0.0	0.0015209962138220626
GO:0004016	0.0	0.0
GO:0009190	0.0	0.0
GO:0035556	0.00013287019220673	0.0
GO:0007189	0.0	0.0
GO:0005700	0.00015397656721360294	0.0
GO:0005705	0.0	0.0
GO:0006338	0.0	0.0
GO:0003723	0.0	0.0
GO:0007367	0.0	0.0
GO:0036099	0.0	0.0
GO:0048471	0.0	0.0
GO:0046959	0.0	0.0
GO:0090328	0.0	0.0
GO:1990904	0.0	0.0
GO:0035197	0.0	0.0
GO:0007349	0.0	0.0
GO:0034587	0.0	0.003006039405344745
GO:0140965	0.0007863589723323389	0.0
GO:0046983	0.0	0.0
GO:0045041	0.0	0.0
GO:0003677	0.0	0.0
GO:0046330	0.0	0.0
GO:1990182	0.0	0.0
GO:0000281	0.0	0.0
GO:0005768	0.0	0.0
GO:0031588	0.0	0.0
GO:0004672	0.0	0.0011610524036148972
GO:0000278	0.0	0.0
GO:0001558	0.0	0.0
GO:0006629	0.0	0.0
GO:0009267	0.0	0.0
GO:1902669	0.0	0.0
GO:0048813	0.0	0.0
GO:0045792	0.0	0.0
GO:1904262	0.0	0.0
GO:1904263	0.0	0.0
GO:0008284	0.0	0.0
GO:0010508	0.0	0.0
GO:0004674	0.0	0.0
GO:0016239	0.0	0.0
GO:0016192	0.0	0.0
GO:0005802	0.0	0.0
GO:0035615	0.0	0.0
GO:0006886	0.0	0.0
GO:0030117	0.0	0.0
GO:0030131	0.0	0.0
GO:0048749	0.0	0.0
GO:0046718	0.0	0.0
GO:0030122	0.0	0.0
GO:0005794	0.0	0.0
GO:0055037	0.0	0.0
GO:0033363	0.0	0.0
GO:0006896	0.0	0.0
GO:0043231	0.0	0.0
GO:0048488	0.0	0.0
GO:0048489	0.0	0.0
GO:0008356	0.0	0.0
GO:0045807	0.0	0.0
GO:0006897	0.0	0.0
GO:0030707	0.0	0.0
GO:0031623	0.0	0.0
GO:0031410	0.0	0.0
GO:0005680	0.0	0.0004974111586729916
GO:0031145	0.0	0.002756091938781977
GO:0070979	0.0	0.0
GO:0030071	0.0	0.0
GO:0045842	0.0	0.0
GO:0016567	0.001104324578659465	0.0005307904681847131
GO:0045116	0.0	0.0
GO:0005912	0.0	0.0
GO:0035317	0.0	0.0
GO:0001736	0.0	0.0
GO:0045177	0.0	0.0
GO:0001737	0.0	0.0
GO:0007616	0.00010531054022468335	0.0
GO:0050808	0.0	0.002755078271295205
GO:0016471	0.0	0.0
GO:1902600	0.0	0.0016361111577510936
GO:0009897	0.0	0.0
GO:0006812	0.0	0.0
GO:0002164	0.0	0.0
GO:0000287	0.0	0.0
GO:0015914	0.0	0.0
GO:0005929	0.0	0.0
GO:0007030	0.0	0.0
GO:0015986	0.0	0.0
GO:0045259	0.0	0.0
GO:0046933	0.0	0.0
GO:0006979	0.0	0.0
GO:0032007	0.0	0.0
GO:0070373	0.0	0.0
GO:0006357	0.0	0.0
GO:0006355	0.0	0.00043684440635199966
GO:0045944	0.0	0.0
GO:0006631	0.0	0.0
GO:0006635	0.0	0.0
GO:0035277	0.0010016899053204777	0.0
GO:0007379	0.0	0.0
GO:0035225	0.0	0.0
GO:0007424	0.0	0.0
GO:0008360	0.0	0.0
GO:0030866	0.0	0.0
GO:0030031	0.0	0.0
GO:0022416	0.0	0.0
GO:0030036	0.0	0.0
GO:0030032	0.0	0.0
GO:0016203	0.0	0.0
GO:0007528	0.0	0.0
GO:0033627	0.0	0.0
GO:0045178	0.0	0.0
GO:0032991	0.0	0.0
GO:0031209	0.0	0.0
GO:0048846	0.0	0.0
GO:0032956	0.0	0.0
GO:0072499	0.0	0.0
GO:0051491	0.0	0.0
GO:0045296	0.0	0.0
GO:0001764	0.0	0.0
GO:0030027	0.0	0.0
GO:0004713	0.00037120251881364195	0.0
GO:0007417	0.0	0.0
GO:0007409	0.0	0.0
GO:0030424	0.0	0.0
GO:0031234	0.0	0.0
GO:0005911	0.0	0.0
GO:0007391	0.0	0.0
GO:0016199	0.0	0.0
GO:0005938	0.0	0.0
GO:0007370	0.0	0.0
GO:0045179	0.0	0.0
GO:0008045	0.0	0.0
GO:0031647	0.0	0.0
GO:0007300	0.0	0.0
GO:0045886	0.0	0.0
GO:0010592	0.0	0.0
GO:0016318	0.0	0.0
GO:1903391	0.0	0.0
GO:0005856	0.0	0.0
GO:0003779	0.0	0.0
GO:0016477	0.0	0.0
GO:0051015	0.0	0.0
GO:0030864	0.0	0.0
GO:0005546	0.0	0.0
GO:0045887	0.0	0.0
GO:0030426	0.0	0.0
GO:0031594	0.0	0.0
GO:0072553	0.0	0.0
GO:0030833	0.0	0.0
GO:0045211	0.0	0.0
GO:0048812	0.0	0.0
GO:0045773	0.0	0.0
GO:0045475	0.0	0.003365986843710401
GO:0007623	0.0	0.0
GO:0042594	0.0	0.0
GO:0045494	0.0	0.0
GO:0005759	0.0	0.0
GO:0050660	0.0	0.0
GO:0000062	0.0	0.0
GO:0005509	0.0	0.00171291841594774
GO:0030048	0.0	0.0
GO:0070855	0.0	0.0
GO:0031476	0.0	0.0
GO:0000226	0.0	0.0
GO:0005777	0.0	0.0
GO:0005615	0.0006861534739552826	0.0
GO:0006508	0.0	0.0
GO:0005576	0.0	0.0
GO:0007507	0.0005504032095322249	0.0
GO:0008237	0.0	0.0
GO:0045938	0.0	0.0
GO:0003007	0.0	0.0
GO:0002027	0.0	0.0
GO:0006325	0.0	0.0
GO:0045892	0.0	0.0
GO:0000228	0.0	0.0
GO:0010629	0.0	0.0
GO:0046664	0.0	0.0
GO:0008258	0.0	0.0
GO:0007291	0.0	0.0
GO:0043066	0.0	0.0
GO:0140297	0.0	0.003437836106200377
GO:0035331	0.0	0.0
GO:0006468	0.0	0.0
GO:0042593	0.0	0.0
GO:0071013	0.0	0.0005499681711924109
GO:0000398	0.0	0.0
GO:0071011	0.0009133021133879352	0.0002835399118164859
GO:0010506	0.0	0.0
GO:0008380	0.0	0.0
GO:0004867	0.0	0.0
GO:0019953	0.0	0.0
GO:0042802	0.0	0.0
GO:0005534	0.0	0.0
GO:0030246	0.0	0.0
GO:0045861	0.0	0.0
GO:0030414	0.0	0.0
GO:0016791	0.0	0.0
GO:0005783	0.0013776502654969539	0.0
GO:0007399	0.0	0.0
GO:0005741	0.0	0.0
GO:0030182	0.0	0.0
GO:0030723	0.0	0.0
GO:0035060	0.0	0.0
GO:0015629	0.0	0.0006723211713234641
GO:0050807	0.0	0.0
GO:0032507	0.0	0.0
GO:0140861	0.0	0.0
GO:0030239	0.0	0.0
GO:0030018	0.0	0.0
GO:0071689	0.0	0.0
GO:0005865	0.0	0.0
GO:0002052	0.0	0.0
GO:0045572	0.0	0.0
GO:0050803	0.0	0.0
GO:0045819	0.0	0.0
GO:0045464	0.0	0.0
GO:0051017	0.0	0.0
GO:0045214	0.0	0.0
GO:0030054	0.0	0.0
GO:0042995	0.0	0.0
GO:0055001	0.0	0.0
GO:0016787	0.0	0.0
GO:0000124	0.0	0.0
GO:0003713	0.0	0.0
GO:0000791	0.0	0.0
GO:0003682	0.0	0.0
GO:0000123	0.0	0.0
GO:0045815	0.0	0.0
GO:0005703	0.0	0.0
GO:0008078	0.0	0.0
GO:0007427	0.0	0.0
GO:0042059	0.0	0.0
GO:0008344	0.0	0.005458785257974739
GO:0030534	0.0	0.0
GO:0042391	0.0	0.0
GO:0009408	0.0	0.0019098512249350159
GO:0001666	0.0	0.0
GO:0007626	0.0	0.0
GO:0042752	0.0	0.0
GO:0030514	0.0	0.0
GO:0008033	0.0	0.0
GO:0030170	0.0	0.0
GO:0019752	0.0	0.0
GO:0007632	0.0	0.0
GO:0055088	0.0	0.0
GO:0007005	0.0	0.0031118836329899996
GO:0008306	0.0	0.0
GO:0007613	0.0	0.0
GO:0008355	0.0	0.000614511819455183
GO:0048675	0.0	0.0
GO:0007274	0.0	0.0
GO:0030431	0.0	0.0
GO:0072375	0.0	0.0035355238907410673
GO:0007416	0.0	0.0
GO:0008345	0.0	0.0
GO:0050773	0.0	0.0
GO:0005667	0.0	0.0
GO:0035167	0.0	0.0
GO:0006734	0.0	0.0
GO:0008774	0.0	0.0
GO:0006067	0.0	0.0
GO:0051287	0.0	0.0
GO:0006164	0.0	0.0
GO:0006914	0.0	0.0
GO:0005776	0.0	0.0
GO:0000423	0.0	0.0
GO:0000045	0.0	0.0
GO:0008586	0.0	0.0
GO:0051453	0.0	0.0
GO:0008654	0.0	0.0
GO:0012505	0.0	0.0006854668751477058
GO:0019510	0.0	0.0
GO:0004013	0.0	0.0
GO:0007281	0.0	0.0
GO:0005112	0.0	0.0
GO:0045747	0.0	0.0
GO:0071361	0.0	0.0
GO:0010898	0.0	0.0
GO:0033500	0.0	0.0
GO:0008188	9.273317738022154e-05	0.0
GO:0016616	0.0	0.0
GO:0045793	0.0	0.0
GO:0008286	0.0	0.0
GO:0030307	0.0	0.0
GO:0010884	0.0	0.0
GO:0048010	0.0	0.0
GO:0035206	0.0	0.0005274925235396501
GO:0043025	0.0	0.0
GO:0043524	0.0	0.0021421626073167494
GO:0040018	0.0	0.0
GO:1903688	0.0	0.0
GO:0016008	0.0	0.0017380471102159379
GO:0006103	0.0	0.0
GO:0006090	0.0	0.0
GO:0004332	0.0	0.0
GO:0006096	0.0	0.0
GO:0061621	0.0	0.0
GO:0061609	0.0	0.0
GO:0030388	0.0	0.0
GO:0019682	0.0	0.0
GO:0007498	0.0	0.0
GO:0031430	0.0	0.0
GO:0006001	0.0	0.0
GO:0006094	0.0	0.0
GO:0045471	0.0	0.0
GO:0006487	0.0	0.0
GO:0007526	0.0	0.0
GO:0031491	0.0	0.0
GO:0007169	0.0	0.0
GO:0098794	0.0	0.0
GO:0071212	0.0	0.0
GO:1900074	0.0	0.0
GO:0045664	0.0	0.0
GO:0019900	0.0	0.0
GO:0035011	0.0	0.0
GO:0005085	0.0	0.0
GO:0005769	0.0026324754355454612	0.0
GO:0031982	0.0	0.0
GO:0031267	0.0	0.0
GO:0016324	0.0	0.0
GO:0030139	0.0	0.0
GO:0042052	0.0	0.0
GO:0045202	0.0	0.0
GO:0006937	0.0	0.0
GO:0006887	0.0	0.0
GO:0008168	0.0	0.0
GO:0008173	0.0	0.0
GO:0072659	0.0	0.0
GO:0043005	0.0	0.0
GO:0042734	0.0	0.0
GO:0043195	0.0	0.0
GO:0007605	0.0	0.0
GO:0005635	0.0009090756344074017	0.0
GO:0090175	0.0	0.0
GO:0006839	0.0	0.0
GO:0048542	0.0	0.0
GO:0014019	0.0	0.0
GO:0043565	0.0011962065100636326	0.0
GO:0000122	0.002253763908481823	0.0
GO:0005544	0.0	0.0
GO:0032509	0.0	0.0
GO:0031624	0.0	0.0020304653144084237
GO:0036211	0.0	0.0
GO:0045752	0.0	0.0
GO:0046673	0.0	0.0
GO:0090090	0.0	0.0
GO:0035293	0.0	0.0
GO:0007420	0.0	0.0
GO:0007405	0.0	0.0
GO:0016055	0.0	0.0016143830821564195
GO:0008362	0.0	0.0
GO:0030589	0.0	0.0
GO:0032436	0.0	0.0
GO:0070006	0.0	0.0
GO:0061608	0.0	0.0
GO:0008432	0.0	0.0
GO:0046328	0.0005114297479949304	0.0
GO:0019901	0.0	0.0
GO:0007254	0.0	0.0
GO:0048490	0.0	0.0
GO:0019896	0.0	0.0
GO:2000331	0.0	0.0
GO:0007422	0.0	0.0
GO:0048678	0.0	0.0
GO:0004622	0.0	0.0
GO:0003684	0.0	0.0
GO:0042060	0.0	0.0
GO:0015812	0.0	0.0
GO:0043490	0.0	0.0
GO:0015813	0.0	0.0
GO:0005313	0.0	0.0
GO:0051028	0.0	0.0
GO:0005198	0.0	0.0
GO:0007269	0.0	0.0016861364812713533
GO:0007112	0.0	0.0
GO:0005764	0.0	0.0
GO:0043001	0.0	0.0
GO:1904801	0.0	0.0
GO:0007476	0.0	0.0
GO:0008047	0.0	0.0
GO:0007520	0.0	0.0
GO:0010628	0.0	0.0
GO:0005096	0.0	0.0
GO:0019904	0.0	0.0
GO:0030145	0.0	0.0
GO:0004725	0.0	0.0
GO:0030334	0.0	0.0
GO:0060628	0.0	0.0
GO:0007431	0.0	0.0
GO:0045196	0.0	0.0
GO:0015630	0.0	0.0
GO:0042147	0.0	0.0
GO:0043014	0.0	0.0
GO:0005765	0.0	0.0
GO:0008089	0.0	0.0
GO:0099054	0.0	0.0
GO:0061909	0.0	0.0
GO:0007018	0.0	0.0
GO:0008090	0.0	0.0
GO:0005869	0.0	0.0
GO:0005200	0.0	0.002187002035354423
GO:0034314	0.0	0.0
GO:0005885	0.0	0.0
GO:0051489	0.0	0.0
GO:0007015	0.0	0.0
GO:0035313	0.0	0.0
GO:0007413	0.0	0.0
GO:0097320	0.0	0.0
GO:0005652	0.0	0.0
GO:0045169	0.0	0.0
GO:0000785	0.0	0.0
GO:0000812	0.0	0.0
GO:0006302	0.0	0.0
GO:0008407	0.0	0.0
GO:0046529	0.0	0.0
GO:0016060	0.0	0.0
GO:0016028	0.0	0.0
GO:0016059	0.0	0.0
GO:0002031	0.0	0.0
GO:0001664	0.0	0.0
GO:0035097	0.0	0.0
GO:0000165	0.0	0.0
GO:0048082	0.0	0.0
GO:0038066	0.0	0.0
GO:0035002	0.0	0.0
GO:0046513	0.0	0.0
GO:2000252	0.0	0.0
GO:0045893	0.0	0.0
GO:0010468	0.0006566399643435729	0.0
GO:0009887	0.0	0.0
GO:0036335	0.00046506304788892854	0.0
GO:0005874	0.0	0.0
GO:0002385	0.0	0.0
GO:0016236	0.0	0.0
GO:0008088	0.0	0.0
GO:0050804	0.0	0.0
GO:0051124	0.0	0.0
GO:0045476	0.0	0.0
GO:0035069	0.0	0.0
GO:0032182	0.0	0.0
GO:0035096	0.0	0.0
GO:0061724	0.0	0.0
GO:0031386	0.0	0.0
GO:0097352	0.0	0.0
GO:0000421	0.0	0.0
GO:0048102	0.0	0.0
GO:0030674	0.0	0.0
GO:0006995	0.0	0.0
GO:0016322	0.0	0.0
GO:0045324	0.0	0.0
GO:0031396	0.0	0.0
GO:0044754	0.0	0.0
GO:0061174	0.0	0.0
GO:0008429	0.0	0.0
GO:0050811	0.0	0.0
GO:0009266	0.0	0.0
GO:0035159	0.0	0.0
GO:0005918	0.0	0.0
GO:0019991	0.0	0.0
GO:0006813	0.0	0.0
GO:0060439	0.0	0.0
GO:0007630	0.0	0.0
GO:1990573	0.0	0.0
GO:0006952	0.0	0.0
GO:0006368	0.0021447588401633574	0.0
GO:0010972	0.0	0.0
GO:0007444	0.0	0.0
GO:0005977	0.0	0.0
GO:1990909	0.0	0.0
GO:0035019	0.0	0.0
GO:0005254	0.0	0.0011336486997050564
GO:1902476	0.0	0.0
GO:0008285	0.0	0.0
GO:0001751	0.0	0.0
GO:0000381	0.0	0.0
GO:0031440	0.0	0.0
GO:0001178	0.0	0.0
GO:0000974	0.0	0.0
GO:0030718	0.0	0.0
GO:0033119	0.0	0.0
GO:0010507	0.0	0.0
GO:0005262	0.0	0.0
GO:0006816	0.0	0.0006033028780558404
GO:0043065	0.0	0.0
GO:0005740	0.0	0.0
GO:0097345	0.0	0.0
GO:0030672	0.0	0.0
GO:0035075	0.0	0.0
GO:0007010	0.0	0.0
GO:0048512	0.0	0.0
GO:0022857	0.0	0.0
GO:0042759	0.0	0.0
GO:0070983	0.0	0.0
GO:0031453	0.0	0.0
GO:0017022	0.0	0.0
GO:0007406	0.0	0.0
GO:0003712	0.0	0.0
GO:0036011	0.0	0.0
GO:0009636	0.0	0.0
GO:0008566	0.0	0.0
GO:0005229	0.0	0.0
GO:0006821	0.0	0.0
GO:0005484	0.0	0.0
GO:0019905	0.0	0.0
GO:0031201	0.0	0.0
GO:0006888	0.0	0.0
GO:0007312	0.0	0.0
GO:0034976	0.0	0.0
GO:0006334	0.0	0.0
GO:0000786	0.0	0.0
GO:0030527	0.0	0.0
GO:0001752	0.0	0.0
GO:0045165	0.0	0.0
GO:0006303	0.0	0.0
GO:0000724	0.0	0.0
GO:0007131	0.0	0.0
GO:0140990	0.0	0.0022880480948165543
GO:0070725	0.0	0.0
GO:0016360	0.0	0.0
GO:0051598	0.0	0.0
GO:0004842	0.003493894036700865	0.0
GO:0061630	0.0	0.0
GO:0033503	0.0	0.0
GO:0043161	0.0	0.0
GO:0017025	0.0	0.0
GO:0006352	0.0	0.0
GO:0097550	0.0	0.0
GO:0070822	0.0	0.0
GO:0030532	0.0	0.0
GO:0005681	0.0	0.0
GO:0061631	0.0	0.0
GO:0000209	0.0	0.0
GO:0006511	0.0	0.0
GO:0048800	0.0	0.0
GO:0048786	0.0	0.0
GO:0008594	0.0	0.0
GO:0007156	0.0	0.0
GO:0070593	0.0	0.0
GO:0009792	0.0	0.0011709527282399211
GO:0007432	0.0	0.0
GO:0007301	0.0	0.0
GO:0007435	0.0	0.0
GO:0016811	0.0	0.0
GO:0043068	0.0	0.0
GO:0040011	0.0	0.0
GO:0018094	0.0	0.0
GO:0036126	0.0	0.0
GO:0060296	0.0	0.0
GO:2000147	0.0	0.0
GO:0031902	0.0	0.0
GO:0001700	0.0	0.0
GO:0007628	0.0	0.0
GO:0007480	0.0	0.0
GO:0021551	0.0	0.0
GO:0007265	0.0	0.0
GO:0007264	0.0	0.0
GO:0007525	0.0	0.0
GO:0045880	0.0	0.0
GO:0007154	0.0	0.0
GO:0007219	0.0	0.0
GO:0006730	0.0	0.0
GO:0016081	0.0	0.0
GO:0016080	0.0	0.0
GO:0046928	0.0	0.0
GO:1900073	0.0	0.001990044829143912
GO:0008582	0.0	0.0
GO:0003341	0.0	0.0
GO:0036158	0.0	0.0
GO:0044297	0.0	0.0006961543216151796
GO:0051082	0.0	0.0
GO:0140662	0.0	0.0
GO:0005832	0.0	0.0
GO:0031629	0.0	0.0
GO:0016079	0.0	0.0
GO:0046512	0.0	0.0
GO:0000902	0.0	0.0
GO:0005793	0.0	0.0
GO:0004252	0.0	0.0
GO:0000493	0.0	0.0
GO:0000380	0.0	0.0
GO:0008138	0.0	0.0
GO:0008061	0.0	0.0022889555972436253
GO:0006520	0.0	0.0
GO:0008408	0.0	0.0
GO:0097254	0.0	0.0
GO:0043190	0.0	0.0
GO:0045087	0.0011561834879777909	0.0
GO:1902936	0.0	0.0
GO:0005770	0.0	0.0
GO:0042273	0.0	0.0
GO:0022008	0.0	0.0
GO:0004722	0.0	0.0
GO:0006811	0.0	0.0016658582863730718
GO:0015377	0.0	0.0
GO:0055075	0.0	0.0
GO:0055064	0.0	0.0
GO:0005688	0.0	0.0
GO:0046540	0.0	0.0
GO:1990726	0.0	0.0
GO:0015293	0.0	0.0
GO:1990756	0.0	0.0
GO:0051260	0.0	0.0
GO:0005686	0.0	0.0
GO:0006817	0.0	0.0
GO:0005315	0.0	0.0
GO:0000822	0.0	0.0
GO:0046621	0.0	0.0
GO:0106389	0.0	0.0
GO:0061077	0.0	0.0
GO:0044183	0.0	0.0
GO:0045048	0.0	0.0
GO:0070628	0.0	0.0
GO:0004383	0.0	0.0
GO:0006182	0.0	0.0
GO:0019934	0.0	0.0
GO:0007168	0.0	0.0
GO:0001653	0.0	0.0
GO:0032259	0.0	0.0
GO:0006108	0.0	0.0
GO:0006099	0.0	0.0
GO:0042600	0.0	0.0
GO:0030154	0.0	0.0004746551886393546
GO:0035725	0.0	0.0
GO:0045505	0.0	0.0
GO:0005868	0.0	0.0
GO:0045504	0.0	0.0
GO:0005871	0.0	0.0
GO:0036157	0.0	0.0
GO:0005267	0.0	0.0
GO:0071805	0.0	0.0
GO:0015271	0.0	0.0
GO:0070588	0.0	0.0
GO:0006874	0.0	0.0
GO:0098592	0.0	0.0
GO:0022409	0.0	0.0
GO:0006417	0.0	0.0
GO:0006006	0.0	0.0
GO:0042720	0.0	0.0
GO:0006465	0.0	0.0
GO:0006627	0.0	0.0
GO:0030686	0.0	0.0
GO:0051085	0.0	0.0
GO:0051087	0.0	0.0
GO:0070085	0.0	0.0
GO:0008195	0.0	0.0
GO:0046839	0.0	0.0
GO:0007602	0.0	0.0
GO:0019843	0.0	0.0
GO:0010038	0.0	0.0
GO:0007517	0.0	0.0
GO:0019941	0.0	0.0
GO:0035091	0.0	0.0
GO:0045271	0.0	0.0
GO:0004656	0.0	0.006627882243139988
GO:0031418	0.0	0.0
GO:0042274	0.0	0.0
GO:0098754	0.0	0.0
GO:0071313	0.0	0.0
GO:0106300	0.0	0.0
GO:0005952	0.0	0.0006480334784797076
GO:0004691	0.0	0.0
GO:0008643	0.0	0.0
GO:0051119	0.0	0.0
GO:0031462	0.0	0.0
GO:0004721	0.0	0.0
GO:0038187	0.0	0.0
GO:0006307	0.0	0.0
GO:0090263	0.0	0.0
GO:0004843	0.0	0.0
GO:0005682	0.0	0.0
GO:0000244	0.0	0.0
GO:0000028	0.0	0.0
GO:0000151	0.0	0.0
GO:0016614	0.0	0.0
GO:0045455	0.0	0.0
GO:1905761	0.0	0.0
GO:0015171	0.0	0.0
GO:0003333	0.0	0.0
GO:0047961	0.0	0.0
GO:0015179	0.0	0.0053563384607944456
GO:0006641	0.0	0.0
GO:0008379	0.0	0.0
GO:0045666	0.0	0.0
GO:0006446	0.0	0.0
GO:0042026	0.0	0.0
GO:0006351	0.0008034976731895764	0.007138287682871374
GO:0006116	0.0	0.0
GO:0005774	0.0	0.0
GO:0008543	0.0	0.0
GO:0008320	0.0	0.0
GO:0031204	0.0	0.0
GO:0008046	0.0	0.0
GO:0005516	0.0	0.0
GO:0007051	0.0	0.0
GO:0016592	0.0	0.0
GO:0051536	0.0	0.0
GO:0030317	0.002291480187385946	0.0
GO:0015718	0.0	0.0
GO:0008028	0.0	0.0
GO:0060213	0.0	0.0
GO:0045879	0.0	0.0
GO:0042721	0.0	0.0
GO:0045039	0.0	0.0
GO:0042645	0.0	0.0
GO:0003777	0.0	0.0
GO:0005528	0.0	0.0
GO:0035092	0.0	0.0
GO:0006366	0.0	0.0
GO:0097484	0.0	0.0
GO:0001099	0.0	0.0
GO:0005249	0.0	0.0
GO:0008076	0.0	0.0
GO:0050839	0.0	0.0
GO:0031463	0.0	0.0
GO:0000993	0.0	0.0
GO:0090266	0.0	0.0
GO:0005283	0.0	0.0
GO:1903804	0.000263092594332317	0.0
GO:0009791	0.0	0.0
GO:0016717	0.0	0.0
GO:0004768	0.0	0.0
GO:0006636	0.0	0.0
GO:0007017	0.0	0.0009650580249632096
GO:0046961	0.0	0.00702098411946822
GO:0046854	0.0	0.0
GO:0030659	0.0	0.0
GO:0015117	0.0	0.0
GO:1902358	0.0	0.0
GO:0015116	0.0	0.0
GO:0035435	0.0	0.0
GO:0015709	0.0	0.0
GO:0015141	0.0	0.0
GO:0005891	0.0	0.0
GO:0005245	0.0	0.0
GO:0034644	0.0	0.0
GO:0008180	0.0	0.0
GO:0032036	0.0	0.0
GO:0060294	0.0	0.0018042980041688692
GO:0016597	0.0	0.0
GO:0031683	0.0	0.0
GO:0019001	0.0	0.0
GO:0005834	0.0	0.0
GO:0097526	0.0	0.0
GO:0000387	0.0	0.0
GO:0033962	0.0	0.0
GO:0032456	0.0	0.0
GO:0007271	0.0	0.0
GO:0016779	0.0	0.0
GO:0007052	0.0	0.0012213013406794002
GO:0006936	0.0	0.0
GO:0015459	0.0	0.0
GO:0140492	0.0	0.0
GO:0009165	0.0	0.0
GO:0006015	0.0	0.0
GO:0008039	0.0	0.0
GO:0070936	0.0	0.0
GO:0016783	0.0	0.0
GO:0002143	0.0	0.0
GO:0035627	0.0	0.0
GO:0008250	0.0	0.0
GO:0031966	0.0	0.0
GO:0006308	0.0	0.0
GO:0006890	0.0	0.0
GO:0036122	0.0	0.0
GO:0003743	0.0	0.0
GO:0006413	0.0	0.0
GO:0005685	0.0	0.0
GO:0071004	0.0	0.0
GO:0045242	0.0	0.0
GO:0006102	0.0	0.0
GO:0050833	0.0	0.0
GO:0000245	0.0	0.0
GO:0018279	0.0	0.0
GO:0051959	0.0	0.0
GO:0030286	0.0	0.0016352217961164747
GO:0008569	0.0	0.0
GO:0097729	0.0	0.0
GO:0015744	0.0	0.0
GO:0015137	0.0	0.0
GO:0015746	0.0	0.0
GO:0042719	0.0	0.0
GO:0031032	0.0	0.0
GO:0070534	0.0	0.0
GO:0031371	0.0	0.0
GO:0006301	0.0	0.0
GO:0001731	0.0	0.0
GO:0060857	0.0	0.0
GO:0000184	0.0	0.0
GO:0000307	0.0	0.0
GO:0008023	0.0	0.00018360245189359646
GO:0006120	0.0	0.0
GO:0005956	0.0	0.0
GO:0030906	0.0	0.0
GO:0044877	0.0	0.0
GO:0098655	0.0	0.0
GO:0030915	0.0	0.0
GO:0061025	0.0	0.0
GO:0004520	0.0	0.0
GO:0005246	0.0	0.0
GO:0005261	0.0	0.0
GO:0032008	0.0	0.0
GO:0098978	0.0	0.0
GO:0007266	0.0	0.0
GO:0016328	0.0	0.0
GO:0043296	0.0	0.0
GO:0043152	0.0	0.0
GO:0045145	0.0	0.0
GO:0050776	0.0	0.0
GO:0030010	0.0	0.00411455390283706
GO:0045727	0.0	0.0
GO:0008266	0.0	0.0
GO:0003730	0.0	0.0
GO:0043697	0.0	0.0
GO:0036098	0.0	0.0
GO:0001654	0.0	0.0
GO:0006414	0.0	0.0
GO:0003746	0.0	0.0
GO:0030623	0.0	0.0
GO:0031398	0.0	0.0
GO:0016579	0.0	0.0
GO:0009052	0.0	0.0
GO:0032039	0.0	0.0
GO:0030641	0.0	0.0
GO:0033176	0.0	0.0
GO:0007034	0.0	0.0
GO:0000815	0.0	0.0
GO:0031072	0.0	0.0
GO:0006107	0.0	0.0
GO:0009416	0.0	0.0
GO:0003906	0.0	0.0
GO:0032482	0.0	0.0
GO:0004693	0.0	0.0
GO:0001726	0.0	0.0
GO:0016201	0.0	0.0
GO:0005230	0.0	0.0
GO:0004345	0.0	0.0
GO:0050661	0.0	0.0
GO:0043409	0.0	0.0
GO:0045495	0.0	0.0
GO:0045451	0.0	0.0
GO:0016627	0.0	0.0
GO:0004470	0.0	0.0
GO:0004473	0.0	0.0
GO:0099617	0.0	0.0
GO:0010458	0.0	0.0
GO:0032435	0.0	0.0
GO:0000502	0.0	0.0
GO:0006616	0.0	0.0
GO:0005784	0.0	0.0
GO:0004890	0.0	0.0
GO:0035605	0.0	0.0
GO:0004365	0.0	0.0
GO:0001784	0.0	0.0
GO:0045333	0.0	0.0
GO:0006537	0.0	0.0
GO:0016639	0.0	0.0
GO:0007521	0.0	0.0
GO:0035050	0.0	0.0
GO:0007472	0.0	0.0
GO:0051642	0.0	0.0
GO:0000338	0.0	0.0
GO:0048142	0.0	0.0
GO:0048140	0.0	0.0
GO:0008347	0.0	0.0
GO:0007310	0.0	0.0
GO:0007314	0.0	0.0
GO:0045732	0.0	0.0
GO:0035204	0.0	0.0
GO:0019784	0.0	0.0
GO:1903265	0.0	0.0
GO:0019722	0.0	0.0
GO:0050965	0.0	0.0
GO:0098703	0.0	0.0
GO:0046843	0.0	0.0
GO:0005902	0.0	0.0
GO:0035003	0.0	0.0
GO:0090303	0.0	0.0
GO:0045176	0.0	0.0
GO:0007412	0.0	0.0
GO:0045467	0.0	0.0
GO:0045463	0.0	0.0
GO:0048841	0.0	0.0
GO:0048814	0.0	0.0
GO:0008021	0.0	0.0
GO:0035249	0.0	0.0
GO:0035098	0.0	0.0
GO:0016581	0.0	0.00038069274010026245
GO:0009953	0.0	0.0
GO:0050884	0.0	0.0
GO:0016056	0.0	0.0
GO:0031475	0.0	0.0
GO:0031489	0.0	0.0
GO:0046716	0.0	0.0
GO:0031477	0.0	0.0
GO:0097720	0.0	0.0
GO:0005955	0.0	0.0
GO:0008597	0.0	0.0
GO:2000435	0.0	0.0
GO:0000779	0.0	0.0
GO:0030261	0.0	0.0014241546758231277
GO:0007601	0.0	0.0
GO:0043679	0.0	0.0
GO:0050908	0.0	0.0
GO:0042542	0.0	0.0
GO:0042744	0.0	0.0
GO:0072593	0.0	0.0
GO:0038001	0.0	0.0
GO:0048167	0.0	0.0
GO:0008069	0.0	0.0
GO:0042127	0.0	0.0
GO:0007465	0.0	0.0
GO:0001754	0.0	0.0
GO:0099523	0.0	0.0
GO:0099524	0.0	0.0
GO:0090443	0.0	0.0
GO:0005158	0.0	0.0
GO:0046628	0.0	0.0
GO:0032794	0.0	0.0
GO:0035147	0.0	0.0
GO:0045860	0.0	0.0
GO:0050770	0.0	0.0
GO:0035099	0.0	0.0
GO:0045200	0.0	0.0
GO:0051601	0.0	0.0
GO:0030030	0.0	0.0
GO:0071162	0.0	0.000686342021257405
GO:0000727	0.0	0.0017331206080676918
GO:0000082	0.0	0.0
GO:0055059	0.0	0.0
GO:0030332	0.0	0.0
GO:0010389	0.0	0.0
GO:0007350	0.0	0.0
GO:0010821	0.0	0.0
GO:0007629	0.0	0.0
GO:0070059	0.0	0.0
GO:0061575	0.0	0.0
GO:0005675	0.0	0.0
GO:0001111	0.0	0.0
GO:0034472	0.0	0.0
GO:0043052	0.0	0.0
GO:0048870	0.0	0.0
GO:0046667	0.0	0.0
GO:0035041	0.0	0.0
GO:0043695	0.0	0.0
GO:0007606	0.0	0.0
GO:0008363	0.0	0.0
GO:0035151	0.0	0.0
GO:0060810	0.0	0.0
GO:0002118	0.0	0.0
GO:0008062	0.0	0.0
GO:0007622	0.0	0.0
GO:0046329	0.0	0.0
GO:0140255	0.0	0.0
GO:0007057	0.0	0.0
GO:0048148	0.0	0.0
GO:0007040	0.0	0.0
GO:0098839	0.0	0.000997367787633771
GO:0005847	0.0	0.0
GO:0051117	0.0	0.0
GO:0051299	0.0	0.0
GO:0017053	0.0	0.0
GO:0071711	0.0	0.0
GO:0061343	0.0	0.0
GO:0070864	0.0	0.0
GO:0017147	0.0	0.0
GO:0006723	0.0	0.0
GO:0006911	0.0	0.0
GO:0005049	0.0	0.0
GO:0034334	0.0	0.0
GO:0031010	0.0	0.0
GO:0006998	0.0	0.0
GO:0046627	0.0	0.0
GO:0016032	0.0	0.0
GO:0007423	0.0	0.0
GO:0120177	0.0	0.0
GO:1900087	0.0	0.0
GO:0006367	0.0	0.0
GO:0017085	0.0	0.0005610953618961932
GO:0009055	0.0	0.0
GO:0006119	0.0	0.0
GO:0045275	0.0	0.0
GO:0007442	0.0	0.0
GO:0030838	0.0	0.0
GO:0061014	0.0	0.0
GO:1904115	0.0	0.0
GO:0031616	0.0	0.0
GO:0045198	0.0	0.0
GO:0050772	0.0	0.0
GO:0061883	0.0	0.0
GO:0016325	0.0	0.0
GO:0048027	0.0	0.0
GO:0002188	0.0	0.0
GO:0090254	0.0	0.0
GO:0007443	0.0	0.0
GO:0045751	0.0	0.0
GO:0048056	0.0	0.0
GO:0045466	0.0	0.0
GO:0048863	0.0	0.0
GO:0048100	0.0	0.0
GO:0050909	0.0	0.0
GO:0060025	0.0	0.0
GO:0002009	0.0	0.0
GO:0036156	0.0	0.0
GO:0048311	0.0	0.0
GO:0005092	0.0	0.0
GO:0006086	0.0	0.0
GO:0045254	0.0	0.0
GO:0034604	0.0	0.0
GO:0097718	0.0	0.0
GO:0034602	0.0	0.0
GO:0045252	0.0	0.0
GO:0090163	0.0	0.0
GO:0016327	0.0	0.0
GO:0042691	0.0	0.0
GO:0120293	0.0	0.0
GO:0097255	0.0	0.0
GO:0010996	0.0	0.0
GO:0007394	0.0	0.0
GO:0007191	0.0	0.0
GO:0042659	0.0	0.0
GO:0035309	0.0	0.0
GO:0050891	0.0	0.0
GO:0060070	0.0	0.0
GO:0048312	0.0	0.0
GO:0048666	0.0	0.0
GO:0050976	0.0	0.0
GO:0030335	0.0	0.0
GO:0007173	0.0	0.0
GO:0004708	0.0	0.0
GO:0070371	0.0	0.0
GO:0071481	0.0	0.0
GO:0008348	0.0	0.0
GO:0019221	0.0	0.0
GO:0048790	0.0	0.0
GO:0048172	0.0	0.0
GO:0007638	0.0	0.000326198210956069
GO:0001222	0.0	0.0
GO:1902692	0.0	0.0
GO:0048052	0.0	0.0
GO:0097150	0.0	0.0
GO:0015175	0.0	0.0
GO:0008231	0.0	0.0
GO:0035073	0.0	0.0
GO:0007390	0.0	0.0
GO:0048738	0.0	0.0
GO:0008544	0.0	0.0
GO:0015782	0.0	0.0
GO:0005456	0.0	0.0
GO:0042675	0.0	0.0
GO:0007426	0.0	0.0
GO:0035160	0.0	0.0
GO:0009880	0.0	0.0008993870078688478
GO:0003015	0.0	0.0
GO:0048546	0.0	0.0
GO:0008406	0.0	0.0
GO:0001742	0.0	0.0
GO:0045199	0.0	0.0
GO:0051793	0.0	0.0
GO:0007594	0.0	0.0
GO:0062130	0.0	0.0
GO:0015277	0.0	0.0
GO:0015276	0.0	0.0
GO:0016057	0.0	0.0
GO:0070449	0.0	0.0
GO:0030891	0.0	0.0
GO:0048789	0.0	0.0
GO:0034198	0.0	0.0
GO:0022900	0.0	0.0
GO:0140750	0.0	0.0
GO:0071204	0.0	0.0
GO:0007129	0.0	0.0
GO:0001746	0.0	0.0
GO:0048803	0.0	0.0
GO:0097482	0.0	0.0
GO:0005920	0.0	0.0
GO:0006002	0.0	0.0
GO:0006826	0.0	0.0
GO:0016082	0.0	0.0
GO:0110069	0.0	0.0
GO:0019915	0.0	0.0
GO:0016027	0.0	0.0
GO:0016600	0.0	0.0
GO:0000900	0.0	0.0011970510035840063
GO:0008048	0.0	0.0
GO:0006607	0.0	0.0
GO:0004333	0.0	0.0
GO:0006106	0.0	0.0
GO:0051156	0.0	0.0
GO:0007214	0.0	0.0
GO:0042834	0.0	0.0
GO:0009253	0.0	0.0
GO:0032940	0.0	0.0
GO:0006538	0.0	0.0
GO:0006047	0.0	0.0
GO:0045167	0.0	0.0
GO:0032291	0.0	0.0
GO:0051294	0.0	0.0
GO:0030265	0.0	0.0
GO:0060027	0.0	0.0
GO:0003380	0.0	0.0
GO:0030159	0.0	0.0
GO:0000164	0.0	0.0
GO:0005979	0.0	0.0
GO:0044547	0.0	0.0
GO:0004352	0.0	0.0
GO:0006048	0.0	0.0
GO:0007637	0.0	0.0
GO:0031369	0.0	0.0
GO:0008328	0.0	0.0
GO:0008066	0.0	0.0
GO:1904315	0.0	0.0
GO:0004970	0.0	0.0
GO:0060074	0.0	0.0
GO:0022849	0.0	0.0
GO:0005536	0.0	0.0
GO:0006906	0.0	0.0
GO:0008527	0.0	0.0
GO:0022851	0.0	0.0
GO:0048644	0.0	0.0
GO:0022834	0.0	0.0
GO:0030215	0.0	0.0
GO:0030510	0.0	0.0
GO:0034244	0.0	0.0
GO:0050714	0.0	0.0
GO:0042416	0.0	0.0
GO:0035062	0.0	0.0
GO:0048026	0.0	0.0
GO:0034046	0.0	0.0
GO:0015015	0.0	0.0
GO:0015014	0.0	0.0
GO:0045570	0.0	0.0
GO:0030911	0.0	0.0
GO:0051792	0.0	0.0
GO:0008126	0.0	0.0
GO:0033209	0.0	0.0
GO:0007032	0.0	0.0
GO:0006970	0.0	0.0
GO:0042756	0.0	0.0
GO:0006428	0.0	0.0
GO:0004822	0.0	0.0
GO:0034446	0.0	0.0
GO:0008361	0.0	0.0
GO:0035859	0.0	0.0
GO:1990130	0.0	0.0
GO:0007446	0.0	0.0
GO:0016180	0.0	0.0
GO:0005921	0.0	0.0
GO:0010496	0.0	0.0
GO:0005243	0.0	0.0
GO:0009593	0.0	0.0
GO:0015026	0.0	0.0
GO:0072347	0.0	0.0
GO:0035212	0.0	0.0
GO:0007464	0.0	0.0
GO:0001508	0.0	0.0
GO:0003774	0.0	0.0
GO:0007317	0.0	0.0
GO:0010970	0.0	0.0
GO:0055028	0.0	0.0
GO:0047496	0.0	0.0
GO:0000243	0.0	0.0
GO:0070732	0.0	0.0
GO:0045995	0.0	0.0
GO:1902711	0.0	0.0
GO:1990709	0.0	0.0
GO:0051963	0.0	0.0
GO:0019827	0.0	0.0
GO:1900242	0.0	0.0
GO:0031932	0.0	0.0
GO:0051123	0.0	0.0
GO:0042067	0.0	0.0
GO:0070847	0.0	0.0
GO:0015574	0.0	0.0
GO:0042555	0.0	0.0
GO:0071243	0.0	0.0
GO:0071276	0.0	0.0
GO:0000149	0.0	0.0
GO:0060253	0.0	0.0
GO:0035329	0.0	0.0
GO:0106037	0.0	0.0
GO:0030175	0.0	0.0
GO:0016459	0.0	0.0
GO:0000146	0.0	0.0
GO:0031670	0.0	0.0
GO:0007368	0.0	0.0
GO:1990547	0.0	0.0
GO:0140961	0.0	0.0
GO:0005381	0.0	0.0
GO:0071907	0.0	0.0
GO:0007478	0.0	0.0
GO:0046666	0.0	0.0
GO:0035153	0.0	0.0
GO:0016251	0.0	0.0
GO:0022904	0.0	0.0
GO:0008137	0.0	0.0
GO:0032021	0.0	0.0
GO:0007220	0.0	0.0
GO:0140673	0.0	0.0
GO:0032785	0.0	0.0
GO:0072657	0.0	0.0
GO:0048076	0.0	0.0
GO:0120020	0.0	0.0
GO:0061700	0.0	0.0
GO:0048036	0.0	0.0
GO:0005892	0.0	0.0
GO:0022848	0.0	0.0
GO:0005549	0.0	0.0
GO:0015279	0.0	0.0
GO:0006930	0.0	0.0
GO:0016476	0.0	0.0
GO:0008745	0.0010544021232372516	0.0
GO:0071482	0.0	0.0
GO:0030948	0.0	0.0
GO:0043408	0.0	0.0
GO:0055038	0.0	0.0
GO:0004739	0.0	0.0
GO:0005992	0.0	0.0
GO:0035632	0.0	0.0
GO:0048015	0.0	0.0
GO:0008381	0.0	0.0
GO:0050982	0.0	0.0
GO:0008603	0.0	0.0
GO:0034236	0.0	0.0
GO:0004862	0.0	0.0
GO:0030552	0.0	0.0
GO:0004697	0.0	0.0
GO:0004435	0.0	0.0
GO:0071526	0.0	0.0
GO:0016035	0.0	0.0
GO:0003899	0.0	0.0
GO:0005736	0.0	0.0
GO:0032549	0.0	0.0
GO:0042797	0.0	0.0
GO:0005666	0.0	0.0
GO:0005665	0.0	0.0
GO:0005981	0.0	0.0
GO:0017018	0.0	0.0
GO:0072518	0.0	0.0
GO:1901888	0.0	0.0
GO:0005687	0.0	0.0
GO:0030619	0.0	0.0
GO:0030620	0.0	0.0
GO:0042500	0.0	0.0
GO:1903687	0.0	0.0
GO:0046597	0.0	0.0
GO:0099503	0.0	0.0
GO:0001738	0.0	0.0
GO:0033299	0.0	0.0
GO:0010593	0.0	0.0
GO:0060326	0.0	0.0
GO:0001933	0.0	0.0
GO:0045677	0.0	0.0
GO:0045873	0.0	0.0
GO:0007035	0.0	0.0
GO:0009410	0.0	0.0
GO:0008020	0.0	0.0
GO:0009589	0.0	0.0
GO:1903475	0.0	0.0
GO:0071896	0.0	0.0
GO:0044291	0.0	0.0
GO:0003383	0.0	0.0
GO:1900006	0.0	0.0
GO:0099525	0.0	0.0
GO:0015934	0.0	0.0
GO:0070180	0.0	0.0
GO:0022627	0.0	0.0
GO:0015935	0.0	0.0
GO:0005838	0.0	0.0
GO:0008540	0.0	0.0
GO:0008541	0.0	0.0
GO:0036402	0.0	0.0
GO:0043204	0.0	0.0
GO:0030892	0.0	0.0
GO:0034719	0.0	0.0
GO:0055117	0.0	0.0
GO:0045244	0.0	0.0
GO:0004776	0.0	0.0
GO:0004775	0.0	0.0
GO:0009361	0.0	0.0
GO:0045273	0.0	0.0
GO:0045499	0.0	0.0
GO:0050919	0.0	0.0
GO:0035017	0.0	0.0
GO:0048150	0.0	0.0
GO:0009584	0.0	0.0
GO:0034693	0.0	0.0
GO:0071565	0.0	0.0
GO:0030904	0.0	0.0
GO:0098553	0.0	0.0
GO:0033619	0.0	0.0
GO:0032044	0.0	0.0
GO:0030942	0.0	0.0
GO:0008312	0.0	0.0
GO:0048500	0.0	0.0
GO:0000439	0.0	0.0
GO:0001113	0.0	0.0
GO:0007259	0.0	0.0
GO:1904677	0.0	0.0
GO:0071560	0.0	0.0
GO:1904293	0.0	0.0
GO:0033120	0.0	0.0
GO:0042278	0.0	0.0
GO:0001883	0.0	0.0
GO:0140293	0.0	0.0
GO:0047407	0.0	0.0
GO:0042789	0.0	0.0
GO:0017080	0.0	0.0
GO:0005673	0.0	0.0
GO:0002376	0.0	0.0
GO:0004805	0.0	0.0
GO:0000379	0.0	0.0
GO:0090528	0.0	0.0
GO:0070300	0.0	0.0
GO:2000059	0.0	0.0
GO:0048636	0.0	0.0
GO:0032993	0.0	0.0
GO:0031372	0.0	0.0
GO:0008194	0.0	0.0
GO:0098700	0.0	0.0
GO:0000220	0.0	0.0
GO:0033181	0.0	0.0
GO:0033179	0.0	0.0
GO:0000221	0.0	0.0
GO:0033180	0.0	0.0
GO:1900037	0.0	0.0
GO:0045294	0.0	0.0
GO:0001748	0.0	0.0
GO:0060586	0.0	0.0
GO:0045186	0.0	0.0
GO:0010891	0.0	0.0
GO:0042062	0.0	0.0
GO:0060914	0.0	0.0
GO:1990907	0.0	0.0
GO:0042813	0.0	0.0
GO:0030506	0.0	0.0
GO:0009957	0.0	0.0
GO:0048617	0.0	0.0
GO:0071963	0.0	0.0
GO:0035288	0.0	0.0
GO:0000795	0.0	0.0
GO:0030123	0.0	0.0
GO:0097027	0.0	0.0
GO:1905786	0.0	0.0
GO:1990757	0.0	0.0
GO:0030832	0.0	0.0
GO:0032183	0.0	0.0
GO:0016007	0.0	0.0
GO:0005853	0.0	0.0
GO:0016282	0.0	0.0
GO:0043614	0.0	0.0
GO:0002183	0.0	0.0
GO:0005852	0.0	0.0
GO:0071541	0.0	0.0
GO:0018444	0.0	0.0
GO:0045676	0.0	0.0
GO:0140490	0.0	0.0
GO:0033583	0.0	0.0
GO:0070125	0.0	0.0
GO:0015464	0.0	0.0
GO:0005231	0.0	0.0
GO:1900407	0.0	0.0
GO:0051451	0.0	0.0
GO:0003151	0.0	0.0
INO80	0.0	0.0
COMP	0.0	0.0
TRAF	0.0	0.0
GCK	0.0	0.0
INTOC	0.0	0.0
SEPT-C12P	0.0	0.0
PTA	0.0	0.0
GAT1	0.0	0.0
B-TUB	0.0	0.0
SUCT	0.0	0.0
NAV-B	0.0	0.0
S26P	0.0	0.0
HSP70	0.0	0.0
SPL-C-A	0.0	0.0
DSCAM	0.0	0.0
FH	0.0	0.0
G-TUB	0.0	0.0
TOMM	0.0	0.0
MCIII-U	0.0	0.0
PMETH-U	0.0	0.0
ARPC3A	0.0	0.0
QB-SNARE	0.0	0.0
GBP	0.0	0.0
N-SPN	0.0	0.0
SR-C	0.0	0.0
BAP	0.0	0.0
RPT	0.0	0.0
DYNOA-IC	0.0	0.0
SCF-SLMB	0.0	0.0
TMR-U	0.0	0.0
DOPR	0.0	0.0
SLC6	0.0	0.0
MCI-AF	0.0	0.0
GRL	0.0	0.0
DSIF	0.0	0.0
MTH	0.0	0.0
TIMM22	0.0	0.0
U2	0.0	0.0
ZF-C2H2	0.0	0.0009258689652585203
ELO	0.0	0.0
TRFC	0.0	0.0
TLNF-CRF	0.0	0.0
U4-U6-U5	0.0	0.0
AP3	0.0	0.0
DRS	0.0	0.0
ESCRT-III	0.0	0.0
U4-U6	0.0	0.0
TLNF-CIF	0.0	0.0
MCI-C	0.0	0.0
BARA	0.0	0.0
MUCS	0.0	0.0
SLC17	0.0	0.0
MEN	0.0	0.0
M67-NPH	0.0	0.0
JAMM-DUB	0.0	0.0
DSP	0.0	0.0
SAGA	0.0	0.0
RPL	0.0	0.0
STP-U	0.0	0.0
CLECT	0.0	0.0
RHO	0.0	0.0
NAAAT-U	0.003968519373439748	0.0
LPP	0.0	0.0
VHA-V1-CAT	0.0	0.0
G-TUSC	0.0	0.0
NAMAA	0.0	0.0
5-3-XDNASE	0.0	0.0
OXRPMOP	0.0	0.0
U1	0.0	0.0
TLNF-CRRF	0.0	0.0
SM	0.0	0.0
OXRNAD-U	0.0	0.0
TWS-PP2A	0.0	0.0
SEC61T-CG8860	0.0	0.0
HSSF	0.0	0.0
SWR1	0.0	0.0
CMG	0.0	0.0
AAT-U	0.0	0.0
AANAT	0.0	0.0
GMCOR	0.0	0.0
TIM813-U	0.0	0.0
PROT	0.0	0.0
UB	0.0	0.0
PPP	0.0	0.0
DESAT	0.0	0.0
HSP10	0.0	0.0
GAT2	0.0	0.0
CBD	0.0	0.0004769322780442895
ARP	0.0	0.0
SLP-C-P	0.0	0.0
CKI	0.0	0.0
OBP	0.0	0.0
RNAPIII	0.0	0.0
TAGLN	0.0	0.0
U5	0.0	0.0
PBAP	0.0	0.0
TLNF-CEF	0.0	0.0
ACBP	0.0	0.0
SP-T	0.0	0.0
SLC36	0.0	0.0
SLC13	0.0	0.0
STRIPAK	0.0	0.0
DNAPOLZ	0.0	0.0
TRP	0.0	0.0059789097286793375
SPL-C-B	0.00022729383433645818	0.006172498838229123
TFIIH-C	0.0	0.0
GUSTR	0.0	0.0
AP1	0.0	0.0
SUCLAC	0.0	0.0
CACN-AC	0.0	0.0
A-TUB	0.0	0.0036194021841491975
RNAPOL-C	0.0	0.0
OSTA	0.0	0.0
PCSN	0.0	0.0
SLC22	0.0	0.0
14-3-3	0.0	0.0
IR-DIV	0.0	0.0
WNT-E	0.0	0.0
OXRCHNH2NAD	0.0	0.0
PRC2-JJ	0.0	0.0
SPL-C-C	0.0	0.0
TM9SF	0.0	0.0
S-LAP	0.0	0.0
ABCF	0.0	0.0
FGF	0.0	0.0
TRGTP	0.0	0.0
VHA-V1-NONCAT	0.0	0.0
ABCH	0.0	0.0
TORC	0.0	0.0
KIF	0.0	0.0
RABGEF-DENN	0.0	0.0
SLC16	0.0	0.0
MTN	0.0	0.0
MLC-CAM	0.0	0.0
MCI-T	0.0	0.0
DYN-IAD	0.0	0.0
PYDH	0.0	0.0
MCII-U	0.0	0.0
TIP60	0.0	0.0
ASLC	0.0	0.0
INX	0.0	0.0
PRC2	0.0	0.0
INTOAK	0.0	0.0
TPNC	0.0	0.0
PSM26S	0.0	0.0
SRP	0.0	0.0
ETF	0.0	0.0
COHSN	0.0	0.0
INT	0.0011192270197417735	0.0
SLC26	0.0	0.0
PKA	0.0	0.0
COP9-T	0.0	0.0
IMA	0.0	0.0
APC	0.0	0.0
T-TAF	0.0	0.0
GLUE	0.0	0.0
NPR	0.0	0.0
E3-TRIM	0.0	0.0
ARPC3B	0.0	0.0
GAPDH	0.0	0.0
A22P	0.0	0.0
DLGTP	0.0	0.0
IDH-UC	0.0	0.0
DBDTF-U	0.002710448378515845	0.0
MCI-U	0.0	0.0
MRPS	0.0	0.0
AP2	0.0	0.0
TMEM135	0.0	0.0
E3-HECT	0.0	0.0
STE7-MAPKK	0.0	0.0
S1A-NPH	0.0	0.0
PLC	0.0	0.0
OGDH-C	0.0	0.0
PDC-T	0.0	0.0
INTAC	0.0	0.0
GTPASE-U	0.0	0.0
IR-ANT	0.0	0.0
SUCL	0.0	0.0
G-SUB-A	0.0	0.0
CCT	0.0	0.0
MYO-M	0.0	0.0
TA	0.0	0.0
MCV-CS	0.0	0.0
PSM26S-T	0.0	0.0
OXRPMO2O-U	0.0	0.0
OSTB	0.0	0.0
USP-DUB	0.0	0.0
ARF	0.0	0.0
NURD	0.0	0.0
ECKL	0.0005314332999436831	0.0025025764897370216
NELF	0.0	0.0
NACHR	0.0	0.003387393675867335
KV-A	0.0	0.0
RNAMT-U	0.0	0.0
RNAPI	0.0	0.0
TOT	0.0	0.0
SCAV-C	0.0	0.0
SEC61T-G2	0.0	0.0
U7-SM	0.0	0.0
MCM2-7	0.0	0.0
SEMA	0.0	0.0
RASGAP-D	0.0	0.0
ALDLYA	0.0	0.0
MED	0.0	0.0
SLC35	0.0	0.0
U7	0.0	0.0
RAB	0.0	0.0
TORC2	0.0	0.0
ACT	0.0	0.0
TLNF-MEF	0.0	0.0
I-SPN	0.0	0.00015747918510819302
BEST	0.0	0.0
LAT	0.0	0.0
GLURII	0.0	0.0
WDB-PP2A	0.0	0.0
RPS	0.0	0.0
UGT	0.0	0.0
SLC12	0.0	0.0
EDNASE-U	0.0	0.0
SLC25	0.0	0.003042741096720212
E3-UBOX	0.0	0.0
NCBAP	0.0	0.0
MCV-U	0.0	0.0
RPN	0.0	0.0
VCB	0.0	0.0
CAK-XPD	0.0	0.0
GABA-CL	0.0	0.0
RETRO	0.0	0.0
CDK	0.0	0.0
ABCG	0.0	0.0
RABGAP	0.0	0.0
DYN-LC	0.0	0.0011821227654957027
PPDOX	0.005054964569825324	0.0034832617246637566
AC	0.0	0.0
E3-RBR	0.0	0.0
COP9	0.0	0.0
U2AF	0.0	0.0
AALIG	0.0	0.0
RNAPII	0.0	0.0
TFIIE	0.0	0.0
TFIID	0.0	0.0
VHA-V0	0.0	0.0
LPL	0.0	0.0
WRC	0.0	0.0
RAS	0.0	0.0
MCI-A	0.0	0.0
E2	0.0	0.0
PDC-S	0.0	0.0
RH	0.0	0.0
G-SUB-B	0.0	0.0
NEPL	0.0	0.0
IMB	0.0	0.0
FLO	0.0	0.0
GDPFUC	0.0	0.0
GLYCO	0.0	0.0
UDPGLAB	0.0	0.0
GAHSB	0.0	0.0
GLUCO	0.0	0.0
MALSH	0.0	0.0
GLPSH	0.0	0.0
WNT-TCFC	0.0	0.0
SWH-N	0.0	0.0
TORS-N	0.0	0.0
INS-C	0.0	0.0
TORS-P	0.0	0.0
TL-NFN	0.0	0.0
WNT-TCFN	0.0	0.0
INS-N	0.0	0.0
SEVL-N	0.0	0.0
NTCH-C	0.0	0.0
EGFR-C	0.0	0.0
TL-NFP	0.0	0.0
EGFR-N	0.0	0.0
INS-P	0.0	0.0
TNF-P	0.0	0.0
TNF-C	0.0	0.0
SWH-P	0.0	0.0
WNT-TCFP	0.0	0.0
SWH-C	0.0	0.0
HH-SMON	0.0	0.0
PVR-C	0.0	0.0
BMP-N	0.0	0.0
HH-SMOP	0.0	0.0
JAKSTAT-C	0.0	0.0
NTCH-P	0.0	0.0
PVR-N	0.0	0.0
BCM_1_E2-4hr_(FBlc0000061)	0.0008821807181997355	0.0012942816515821756
BCM_1_E14-16hr_(FBlc0000062)	0.0034042654716961345	0.0008264270832172437
BCM_1_E2-16hr_(FBlc0000063)	0.0006383735861140502	0.006181761509714231
BCM_1_E2-16hr100_(FBlc0000064)	0.004136689496700232	0.0007293405102497738
BCM_1_L3i_(FBlc0000065)	0.0	0.0
BCM_1_L3i100_(FBlc0000066)	0.0	0.004332810541999555
BCM_1_P3d_(FBlc0000067)	0.01893853296525859	0.0009560188708956527
BCM_1_FA3d_(FBlc0000068)	0.0019237223222473812	0.0
BCM_1_MA3d_(FBlc0000069)	0.00036022126574302777	0.0
BCM_1_P_(FBlc0000070)	0.00048431348555031203	0.006761356446084905
BCM_1_L_(FBlc0000071)	0.0	0.0
BCM_1_A17d_(FBlc0000072)	0.0	0.001354828246197413
mE_mRNA_em0-2hr_(FBlc0000086)	0.0	0.0008106046783269344
mE_mRNA_em2-4hr_(FBlc0000087)	0.0008396596832721797	0.0
mE_mRNA_em4-6hr_(FBlc0000088)	0.0069842450937743624	0.002265997775897942
mE_mRNA_em6-8hr_(FBlc0000089)	0.0	0.0005797850290210299
mE_mRNA_em8-10hr_(FBlc0000090)	0.003014989992639891	0.0030011913114153395
mE_mRNA_em10-12hr_(FBlc0000091)	0.005515286997248635	0.002328668105943496
mE_mRNA_em12-14hr_(FBlc0000092)	0.0	0.004507596534479644
mE_mRNA_em14-16hr_(FBlc0000093)	0.017629039125673155	0.007315932778514615
mE_mRNA_em16-18hr_(FBlc0000094)	0.0059162875075825525	0.003932729832465884
mE_mRNA_em18-20hr_(FBlc0000095)	0.0	0.004361168023069716
mE_mRNA_em20-22hr_(FBlc0000096)	0.00014990340792647104	0.00042273776046862266
mE_mRNA_em22-24hr_(FBlc0000097)	0.004674112834912141	0.0014492135037574346
mE_mRNA_L1_(FBlc0000098)	0.0	0.0026000283068485855
mE_mRNA_L2_(FBlc0000099)	0.002586144514224586	0.009531213858152181
mE_mRNA_L3_12hr_(FBlc0000100)	0.0	0.0023363597562340802
mE_mRNA_L3_PS1-2_(FBlc0000101)	0.0	0.0032309860259454276
mE_mRNA_L3_PS3-6_(FBlc0000102)	0.0	0.0
mE_mRNA_L3_PS7-9_(FBlc0000103)	0.0	0.0
mE_mRNA_WPP_(FBlc0000104)	0.0	0.0017002737522405706
mE_mRNA_P5_(FBlc0000105)	0.00036499729360746797	0.005858436994546171
mE_mRNA_P6_(FBlc0000106)	0.00010889108129143448	0.008210322069483368
mE_mRNA_P8_(FBlc0000107)	0.001034332527376446	0.0017187061914988903
mE_mRNA_P9-10_(FBlc0000108)	0.013248921368053276	0.004964134562263043
mE_mRNA_P15_(FBlc0000109)	0.004665233182656402	0.004018705057569279
mE_mRNA_AdF_Ecl_1days_(FBlc0000110)	0.0	0.0
mE_mRNA_AdF_Ecl_5days_(FBlc0000111)	0.0002753250764279746	0.0009173957010700295
mE_mRNA_AdF_Ecl_30days_(FBlc0000112)	0.0	0.0
mE_mRNA_AdM_Ecl_1days_(FBlc0000113)	0.0006384193066248426	0.0017231955548285788
mE_mRNA_AdM_Ecl_5days_(FBlc0000114)	0.00522665644084388	0.004438585566092626
mE_mRNA_AdM_Ecl_30days_(FBlc0000115)	0.003282064122401421	0.00075407657491932
mE_mRNA_A_MateF_1d_head_(FBlc0000207)	0.0011041269554368605	0.0002560144960449717
mE_mRNA_A_MateF_4d_ovary_(FBlc0000208)	0.0	0.0
mE_mRNA_A_MateM_1d_head_(FBlc0000209)	0.0	0.0
mE_mRNA_A_VirF_1d_head_(FBlc0000210)	0.0	0.0
mE_mRNA_A_VirF_4d_head_(FBlc0000211)	0.000172490917221229	0.0008322915357557033
mE_mRNA_A_MateF_20d_head_(FBlc0000212)	0.000290147480905037	0.00026863237422930156
mE_mRNA_A_MateF_4d_head_(FBlc0000213)	1.858668891752523e-05	0.0
mE_mRNA_A_MateM_20d_head_(FBlc0000214)	0.0015439158626561658	0.000995062152906288
mE_mRNA_A_MateM_4d_acc_gland_(FBlc0000215)	0.0	0.0004832051640969671
mE_mRNA_A_MateM_4d_head_(FBlc0000216)	0.0011957090581076694	0.001600199222204004
mE_mRNA_A_MateM_4d_testis_(FBlc0000217)	0.00015388383491040893	0.0008911602184850172
mE_mRNA_A_1d_carcass_(FBlc0000218)	0.0	0.0001509370268455375
mE_mRNA_A_1d_dig_sys_(FBlc0000219)	0.0	0.0006136490262252574
mE_mRNA_A_20d_carcass_(FBlc0000220)	0.0	0.0002816388710402199
mE_mRNA_A_20d_dig_sys_(FBlc0000221)	0.0006089383418806	0.0007268584156060422
mE_mRNA_A_4d_carcass_(FBlc0000222)	0.0	0.0004083130707833399
mE_mRNA_A_4d_dig_sys_(FBlc0000223)	0.0	0.0016057144116366341
mE_mRNA_P8_CNS_(FBlc0000224)	0.028463143337720227	0.008852576879946781
mE_mRNA_L3_CNS_(FBlc0000225)	0.0001554977883677362	0.002782166136866411
mE_mRNA_L3_Wand_carcass_(FBlc0000226)	0.0	0.0018542724649066383
mE_mRNA_L3_Wand_dig_sys_(FBlc0000227)	0.0006799808964620137	0.0
mE_mRNA_L3_Wand_fat_(FBlc0000228)	0.005373931702167851	0.0023956766908028396
mE_mRNA_L3_Wand_imag_disc_(FBlc0000229)	0.012388581361284907	0.006401623811842788
mE_mRNA_L3_Wand_saliv_(FBlc0000230)	0.0	0.0
mE_mRNA_A_VirF_20d_head_(FBlc0000231)	0.0004833422932254624	0.00024569869299325943
mE_mRNA_A_VirF_4d_ovary_(FBlc0000232)	0.0	0.0009485433217238471
mE_mRNA_WPP_fat_(FBlc0000233)	0.0004884015574259428	0.0
mE_mRNA_WPP_saliv_(FBlc0000234)	0.0	0.0
mE_mRNA_P8_fat_(FBlc0000235)	0.0002845990723745235	0.0028025368012402968
mE_mRNA_A_4d_Cold1_(FBlc0000237)	0.0	0.0
mE_mRNA_A_4d_Cold2_(FBlc0000238)	0.0	0.0
mE_mRNA_L3_Cu_0.5mM_(FBlc0000239)	0.0	0.0011112192639355562
mE_mRNA_L3_late_Zn_5mM_(FBlc0000240)	0.00020694346471648707	0.0
mE_mRNA_A_4d_Cu_15mM_(FBlc0000241)	0.0012475282290915087	0.008202060221232613
mE_mRNA_A_4d_Zn_4.5mM_(FBlc0000242)	0.0	0.001946523622501695
mE_mRNA_A_4d_Caffeine_25mg/ml_(FBlc0000243)	0.0	0.0
mE_mRNA_A_4d_Caffeine_2.5mg/ml_(FBlc0000244)	0.0	0.00027898959542415865
mE_mRNA_L3_Caffeine_1.5mg/ml_(FBlc0000245)	0.00021300074104657328	0.0
mE_mRNA_A_4d_Cd_0.1M_(FBlc0000246)	0.0	0.0013494578288590032
mE_mRNA_A_4d_Cd_0.05M_(FBlc0000247)	0.00033461568850879107	0.0
mE_mRNA_L3_Cd_12h_(FBlc0000248)	0.0	0.0
mE_mRNA_L3_Cd_6hr_(FBlc0000249)	0.0	0.0
mE_mRNA_A_4d_Paraquat_5mM_(FBlc0000250)	0.0017454302881137554	0.0026679094038317003
mE_mRNA_A_4d_Paraquat_10mM_(FBlc0000251)	0.0008250708807800886	0.0007098443292038785
mE_mRNA_L3_Rotenone_8ug_(FBlc0000252)	0.0	0.0
mE_mRNA_L3_Rotenone_2ug_(FBlc0000253)	0.0	0.00047857679944483046
mE_mRNA_L3_EtOH_10_(FBlc0000254)	0.0	0.0
mE_mRNA_L3_EtOH_5_(FBlc0000255)	0.0	0.0031202403218750577
mE_mRNA_L3_EtOH_2.5_(FBlc0000256)	0.000633374955012861	0.0036554008869637443
mE_mRNA_A_4d_Heatshock_(FBlc0000257)	0.0016809336513925422	0.0
mE_mRNA_A_10d_Resveratrol_100uM_(FBlc0000672)	0.0028261698481487755	0.000813854388461799
mE_mRNA_A_10d_Rotenone_Starved_(FBlc0000673)	0.004869616310195794	0.004792028504766666
mE_mRNA_F_Sindbis_virus_(FBlc0000674)	0.0	0.002967672246381295
mE_mRNA_L_Sindbis_virus_(FBlc0000675)	0.004229540414965969	0.0
mE_mRNA_M_Sindbis_virus_(FBlc0000676)	0.0037413975823800284	0.0012346609858682322
mE_mRNA_P_Sindbis_virus_(FBlc0000677)	0.0	0.003319759716470589
mE_mRNA_CME-W2_cells_(FBlc0000261)	0.00040231247530369033	0.0025661252169508282
mE_mRNA_GM2_cells_(FBlc0000262)	0.0	0.001206304990343279
mE_mRNA_mbn2_cells_(FBlc0000263)	0.0008303824305534299	0.0028945296339508366
mE_mRNA_BG2-c2_cells_(FBlc0000264)	0.0006260584048590316	0.0002955209481971292
mE_mRNA_D20-c5_cells_(FBlc0000265)	0.0	0.0
mE_mRNA_S3_cells_(FBlc0000266)	0.0030528851426151037	0.0
mE_mRNA_1182-4H_cells_(FBlc0000267)	0.0	0.0
mE_mRNA_CME_L1_cells_(FBlc0000268)	0.0	0.0033749350138475623
mE_mRNA_Kc167_cells_(FBlc0000269)	0.0	0.0
mE_mRNA_BG1-c1_cells_(FBlc0000270)	0.0	0.0
mE_mRNA_D11_cells_(FBlc0000271)	0.0002509370177696842	0.005342907920817348
mE_mRNA_D16-c3_cells_(FBlc0000272)	0.0	0.0
mE_mRNA_D17-c3_cells_(FBlc0000273)	0.0	0.0
mE_mRNA_D21_cells_(FBlc0000274)	0.0002006842170872262	0.0
mE_mRNA_D32_cells_(FBlc0000275)	0.0	0.00015831818676023812
mE_mRNA_D4-c1_cells_(FBlc0000276)	0.0	0.0
mE_mRNA_D8_cells_(FBlc0000277)	0.0	0.0006852602700909921
mE_mRNA_D9_cells_(FBlc0000278)	0.00031094454825735625	0.0
mE_mRNA_S1_cells_(FBlc0000279)	0.0009735167688739489	0.0005301385195289813
mE_mRNA_S2R+_cells_(FBlc0000280)	0.0	0.0
mE_mRNA_Sg4_cells_(FBlc0000281)	0.0	0.0
mE_mRNA_OSS_cells_(FBlc0000282)	0.0	0.0006637538035596394
mE_mRNA_OSC_cells_(FBlc0000283)	5.125537800678046e-05	0.0
mE_mRNA_fGS_cells_(FBlc0000284)	0.0	0.0
Knoblich_mRNA_L3_CNS_neuroblast_(FBlc0000505)	0.0	0.0
Knoblich_mRNA_L3_CNS_neuron_(FBlc0000506)	0.023597934148803037	0.007548708953710329
RNA-Seq_Profile_FlyAtlas2_Adult_Female_Brain_(FBlc0003619)	0.0	0.0005521780911684213
RNA-Seq_Profile_FlyAtlas2_Adult_Female_Crop_(FBlc0003620)	0.0	0.0002896901832530939
RNA-Seq_Profile_FlyAtlas2_Adult_Female_Carcass_(FBlc0003621)	0.0	0.0
RNA-Seq_Profile_FlyAtlas2_Adult_Female_Eye_(FBlc0003622)	0.0015830788569082817	0.004582889096499717
RNA-Seq_Profile_FlyAtlas2_Adult_Female_FatBody_(FBlc0003623)	0.0006501863988298095	0.00018237602005112985
RNA-Seq_Profile_FlyAtlas2_Adult_Female_Head_(FBlc0003624)	0.0	0.0
RNA-Seq_Profile_FlyAtlas2_Adult_Female_Hindgut_(FBlc0003625)	0.0007082181513254522	0.0
RNA-Seq_Profile_FlyAtlas2_Adult_Female_Midgut_(FBlc0003626)	6.025845621529815e-05	0.0
RNA-Seq_Profile_FlyAtlas2_Adult_Female_Ovary_(FBlc0003627)	0.003538463467070077	0.0031177858126631244
RNA-Seq_Profile_FlyAtlas2_Adult_Female_RectalPad_(FBlc0003628)	0.00012485975531050436	0.0
RNA-Seq_Profile_FlyAtlas2_Adult_Female_SalivaryGland_(FBlc0003629)	0.0	0.0012919548535491043
RNA-Seq_Profile_FlyAtlas2_Adult_Female_ThoracicoAbdominalGanglion_(FBlc0003630)	0.0	0.0
RNA-Seq_Profile_FlyAtlas2_Adult_Female_MalpighianTubule_(FBlc0003631)	0.0	0.001160718018815696
RNA-Seq_Profile_FlyAtlas2_Adult_Female_Mated_Spermathecum_(FBlc0003632)	0.0	0.0
RNA-Seq_Profile_FlyAtlas2_Adult_Female_Virgin_Spermathecum_(FBlc0003633)	0.0	0.0
RNA-Seq_Profile_FlyAtlas2_Adult_Female_Whole_(FBlc0003634)	0.0	0.0
RNA-Seq_Profile_FlyAtlas2_Adult_Male_Brain_(FBlc0003635)	0.02843216807447204	0.0035201951439508706
RNA-Seq_Profile_FlyAtlas2_Adult_Male_Crop_(FBlc0003636)	0.0	0.0
RNA-Seq_Profile_FlyAtlas2_Adult_Male_Carcass_(FBlc0003637)	0.0	0.0006336007782775688
RNA-Seq_Profile_FlyAtlas2_Adult_Male_Eye_(FBlc0003638)	0.00035138453431671527	0.0015477296054519382
RNA-Seq_Profile_FlyAtlas2_Adult_Male_FatBody_(FBlc0003639)	0.0	0.0
RNA-Seq_Profile_FlyAtlas2_Adult_Male_Head_(FBlc0003640)	0.0	0.0
RNA-Seq_Profile_FlyAtlas2_Adult_Male_Hindgut_(FBlc0003641)	0.0	0.0
RNA-Seq_Profile_FlyAtlas2_Adult_Male_Midgut_(FBlc0003642)	0.0	0.0
RNA-Seq_Profile_FlyAtlas2_Adult_Male_RectalPad_(FBlc0003643)	0.0	0.0
RNA-Seq_Profile_FlyAtlas2_Adult_Male_SalivaryGland_(FBlc0003644)	0.0005156546957211658	0.004292485720132845
RNA-Seq_Profile_FlyAtlas2_Adult_Male_ThoracicoAbdominalGanglion_(FBlc0003645)	0.00021198638791960857	0.0
RNA-Seq_Profile_FlyAtlas2_Adult_Male_MalpighianTubule_(FBlc0003646)	0.0	0.0
RNA-Seq_Profile_FlyAtlas2_Adult_Male_Testis_(FBlc0003647)	0.002606801768917684	0.0016269191753633767
RNA-Seq_Profile_FlyAtlas2_Adult_Male_AccessoryGland_(FBlc0003648)	0.00014064427885933744	0.0
RNA-Seq_Profile_FlyAtlas2_Adult_Male_Whole_(FBlc0003649)	0.0	0.0
RNA-Seq_Profile_FlyAtlas2_L3_CNS_(FBlc0003650)	0.019647706265020576	0.022653772865188215
RNA-Seq_Profile_FlyAtlas2_L3_FatBody_(FBlc0003651)	0.0035576935756165646	0.00729458485393884
RNA-Seq_Profile_FlyAtlas2_L3_Hindgut_(FBlc0003652)	0.00011183978569666956	0.0013713439207547968
RNA-Seq_Profile_FlyAtlas2_L3_MalpighianTubule_(FBlc0003653)	0.0	0.0019915329911976047
RNA-Seq_Profile_FlyAtlas2_L3_Midgut_(FBlc0003654)	0.0	0.0
RNA-Seq_Profile_FlyAtlas2_L3_SalivaryGland_(FBlc0003655)	0.0020951599707706623	0.0009024712854038204
RNA-Seq_Profile_FlyAtlas2_L3_Trachea_(FBlc0003656)	0.0008393878970615616	0.0
RNA-Seq_Profile_FlyAtlas2_L3_Carcass_(FBlc0003657)	0.0	0.0001409082025599635
RNA-Seq_Profile_FlyAtlas2_L3_Whole_(FBlc0003658)	0.0	0.00041618353500796435
RNA-Seq_Profile_FlyAtlas2_Adult_Female_Heart_(FBlc0003724)	0.0	0.0001874771994613741
RNA-Seq_Profile_FlyAtlas2_Adult_Male_Heart_(FBlc0003725)	0.0020759468660032448	0.0
RNA-Seq_Profile_FlyAtlas2_L3_Garland_Organ_(FBlc0006089)	0.0	0.0
neuron_mean_exp	0.007124511301376624	0.0014997086252363013
interneuron_mean_exp	0.0034244539054604606	0.0068090285060128375
motor_neuron_mean_exp	0.0026918679903098013	0.010254261987425232
sensory_neuron_mean_exp	0.009457866945735378	0.0045600231047024705
sensory_organ_cell_mean_exp	0.0018529344643929842	0.0074508925266682045
glial_cell_mean_exp	0.0	0.0005768280398558987
muscle_cell_mean_exp	0.0029096779083052295	0.011098755437279567
tendon_cell_mean_exp	0.0	0.0010537465594661016
epithelial_cell_mean_exp	0.0026606172441288717	0.0015297623303939013
epidermal_cell_mean_exp	0.0	0.0032652635417993953
specialized_Malpighian_tubule_cell_mean_exp	0.0	0.001830839977584972
nephrocyte_mean_exp	0.004547098993331608	0.007207249571130152
tracheocyte_mean_exp	0.0001675373552763918	0.012764156787087356
fat_cell_mean_exp	0.00045656732908022727	0.0
hemocyte_mean_exp	0.001280889980572226	0.0017251020692675752
oenocyte_mean_exp	0.001697102302652018	0.00029404724592627037
somatic_precursor_cell_mean_exp	0.0014882564715884546	0.0022451289510792348
somatic_cell_of_ovariole_mean_exp	0.0003043927624935586	0.0004194894444608001
somatic_cell_of_testis_mean_exp	0.0023081214591417617	0.016231109356545915
female_germline_cell_mean_exp	0.0017731336608816642	0.0
male_germline_cell_mean_exp	0.0	0.003060046715655942
semen-secreting_cell_of_the_male_reproductive_system_mean_exp	0.0001500940033774843	0.0001675210707643325
prop_exp_neuron	0.0023820865611053656	0.0005075228535266679
prop_exp_interneuron	0.0017480626342383035	0.009465925768903531
prop_exp_motor_neuron	0.0	0.004547975081660188
prop_exp_sensory_neuron	0.0003313313194487167	0.0
prop_exp_sensory_organ_cell	0.0010839578794694061	0.0003787060405018103
prop_exp_glial_cell	0.005294283852677265	0.0030111152105000982
prop_exp_muscle_cell	0.0005583909175866695	0.0015402201629948333
prop_exp_tendon_cell	0.0002020634715415775	0.002951403355164884
prop_exp_epithelial_cell	0.0	0.0
prop_exp_epidermal_cell	0.0	0.0
prop_exp_specialized_Malpighian_tubule_cell	0.0	0.006754512339331316
prop_exp_nephrocyte	0.0004059742071300463	0.0034825725745278187
prop_exp_tracheocyte	0.0002480274974762978	0.003854069052727436
prop_exp_fat_cell	0.0	0.0
prop_exp_hemocyte	0.000744621825332633	0.00035092033435519523
prop_exp_oenocyte	0.0006054848492114966	0.0011264919885304798
prop_exp_somatic_precursor_cell	0.0	0.0073672239351071835
prop_exp_somatic_cell_of_ovariole	0.0	0.0
prop_exp_somatic_cell_of_testis	0.0001922809506135824	0.0
prop_exp_female_germline_cell	0.0	0.0
prop_exp_male_germline_cell	0.00043719684793824576	0.00022984192500505112
prop_exp_semen-secreting_cell_of_the_male_reproductive_system	0.0006373720315304716	0.0
Degree_Centrality	0.012491063866228036	0.001787045339206193
Betweenness_Centrality	0.006124471711089415	0.0022327317563492883
Closeness_Centrality	0.007956749954957315	0.004792567791959227
Eigenvector_Centrality	0.010124185231437422	0.0012750667728056307
Clustering_Coefficient	0.0004113430418123107	0.001781527830037583
Degree_Centrality_Deciles	0.0	0.0
Degree_Centrality_Quartiles	0.0	0.0
Degree_Centrality_Percentiles	0.0	0.0
Betweenness_Centrality_Deciles	0.0004291621280913994	0.0
Betweenness_Centrality_Quartiles	0.0	0.0
Betweenness_Centrality_Percentiles	0.0	0.0
Closeness_Centrality_Deciles	0.0	0.0
Closeness_Centrality_Quartiles	0.0	0.0
Closeness_Centrality_Percentiles	0.0	0.0015717259828802743
Eigenvector_Centrality_Deciles	0.0	0.0
Eigenvector_Centrality_Quartiles	0.0	0.0
Eigenvector_Centrality_Percentiles	0.0	0.0
Clustering_Coefficient_Deciles	0.0	0.0
Clustering_Coefficient_Quartiles	0.0	0.0
Clustering_Coefficient_Percentiles	0.0	0.0
Degree_Centrality_2	0.0	0.00041724878519529014
Betweenness_Centrality_2	0.0	0.0004267304031896146
Closeness_Centrality_2	0.0	0.0013003217012779356
Eigenvector_Centrality_2	0.0	0.0021249341281727977
Degree_Centrality_Percentiles_2	0.0	0.0
Betweenness_Centrality_Percentiles_2	0.0	0.0
Closeness_Centrality_Deciles_2	0.0	0.0
Closeness_Centrality_Quartiles_2	0.0	0.0
Closeness_Centrality_Percentiles_2	0.0	0.0
Eigenvector_Centrality_Deciles_2	0.0	0.0
Eigenvector_Centrality_Percentiles_2	0.0	0.0
